Trial_ID,Protocol_ID
397382,"LCI-BRE-MTN-NIR-001
NCT04762901
TrialTroveID-397382"
397355,"NCT04764084
TrialTroveID-397355
ZL-2306-912 ALTER-OC-02"
397170,"4-2020-1131
NCT04755868
TrialTroveID-397170"
397062,"BRS0126
NCT04756765
TrialTroveID-397062"
396948,"J2112
NCT04753879
TrialTroveID-396948"
396893,"IIT-CRM2020001 56826
NMRR-20-2206-56826
TrialTroveID-396893"
396585,"(FAALCON)
HUM00187979
NCT04748042
TrialTroveID-396585
UMCC 2020.080"
396209,"NCI-2021-00615
NCT04739800
NRG-GY023
TrialTroveID-396209"
396200,"NCT04740190
TAC-GReD
TrialTroveID-396200
UW-20396"
395785,"2020-3980-001
NCT04734665
NIRVANA-R
TrialTroveID-395785"
395783,"20476
NCI-2020-10199
NCT04734730
TrialTroveID-395783"
395410,"2020-0612
NCI-2020-06178
NCT04728230
PRIO
TrialTroveID-395410"
395372,"CBYL719K12301
NCT04729387
TrialTroveID-395372"
395290,"ID-VDP-103
NCT04725994
TrialTroveID-395290"
394970,"H-1709-101-888
KCT0005242
MEDIOLA window
TrialTroveID-394970"
394909,"FZPL-I-120
NCT04718740
TrialTroveID-394909"
394694,"NCT04716686
TrialTroveID-394694
ZL-2306-914"
394327,"HCRN BRE18-360
NCT04711824
TrialTroveID-394327"
393758,"2020-0412
NCI-2020-13698
NCT04701307
TrialTroveID-393758"
393718,"NCT04699006
TrialTroveID-393718
XJTU1AF2020LSK-205"
393712,TrialTroveID-393712
393444,"2020-0436
NCI-2020-06041
NCT04693468
TalaCom
TrialTroveID-393444"
393428,"NCT04694365
SHR3162-I-117"
393254,"HCRN BRE19-433
NCT04690855
TARA
TrialTroveID-393254"
393228,"CTR20202658
NCT04691804
SHR3162-III-305
TrialTroveID-393228"
392775,"20-505
NCT04683679
TrialTroveID-392775"
392662,"NCT04681469
PRIME
PRIME H&N
TrialTroveID-392662"
392465,"CATCH-R
CO-338-111
NCT04676334
TrialTroveID-392465"
392401,"EudraCT Number: 2020-001105-24
NCT04678362
TALASUR
TrialTroveID-392401"
392094,"C3441037
EudraCT Number: 2020-006101-35
NCT04672460
TrialTroveID-392094"
392067,"NCI-2020-11636
NCT04673448
RG1005140
TrialTroveID-392067"
391783,TrialTroveID-391783
391768,"1.0
EudraCT Number:2019-001226-10
NIRACERV
TrialTroveID-391768"
391765,"EudraCT Number: 2020-000109-10
TrialTroveID-391765
UNITO-001/2020"
391732,"20-481
NCT04666740
TrialTroveID-391732"
391622,TrialTroveID-391622
391387,"ES-SCLC-2nd-IIT-SHR3162-APA
NCT04659785
TrialTroveID-391387"
391160,"MS201922_0010
NCT04655183
TrialTroveID-391160"
390784,"(MYTH 33)
3392
EudraCT Number:2020-000146-33
MITO33
MITO33/ ENGOT-ov51
MITO33/ ENGOT-ov51
NCT04679064
NItCHE
NItCHE-MITO33
NOGGO ov52
TrialTroveID-390784"
390321,"20-x400
NCT04643379
TrialTroveID-390321"
390301,"D9720C00001
NCT04644068
PETRA
TrialTroveID-390301"
390292,"AGO-OVAR 27
EudraCT Number: 2020-005101-12
NCT04644289
TrialTroveID-390292
WoO"
390198,"GOTIC-025
NCT04641728
TrialTroveID-390198"
390128,"213409
NCT04641247
TrialTroveID-390128"
389720,"CPMC19-MEL01
NCT04633902
TrialTroveID-389720"
389657,"10422
NCI-2020-10084
NCT04633239
TrialTroveID-389657"
389494,"C3441049
CTR20202149
NCT04635631
TrialTroveID-389494"
389462,"ChiCTR2000039701
NCT04715620
TJHH-2306
TrialTroveID-389462"
389192,"JGOG3026 RESPONSE
TrialTroveID-389192
UMIN000041422"
389142,"2487
MITO 34
NCT04617470
TrialTroveID-389142"
389046,"20-358
NCT04624178
TrialTroveID-389046"
388633,"2020-12
NCT04614909
TrialTroveID-388633"
388552,"CTR20201968
QF-SC10914-102
TrialTroveID-388552"
388395,"ChiCTR2000039310
TrialTroveID-388395"
388102,"2020-3093
EudraCT Number:2020-002766-14
NIRADO
TrialTroveID-388102"
387851,"20-001106
NCI-2020-05351
NCT04603365
TrialTroveID-387851"
387619,"BrUOG 390
NCT04598321
TrialTroveID-387619"
387415,"NCT04589039
Niraparib-5001
TrialTroveID-387415
U1111-1257-0180"
387259,"4-2020-0544
NCT04592211
TrialTroveID-387259"
387258,"2020-0200
NCI-2020-07731
NCT04592237
TrialTroveID-387258"
387075,"10355
NCI-2020-07841
NCT04585958
TrialTroveID-387075"
387071,"CTR20202339
CYH33-G102
NCT04586335
TrialTroveID-387071"
386883,"CTR20201970
IMP4297-104
NCT04584515
TrialTroveID-386883"
386753,"20-371
NCT04584255
TrialTroveID-386753"
386615,"JiangsuCH
NCT04582552
ROMP
TrialTroveID-386615"
386510,"LACOG 0219
NCT04579133
TrialTroveID-386510"
386376,"67652000PCR1001
CR108783
EudraCT Number: 2019-000137-39
NCT04577833
TrialTroveID-386376"
386304,"BGP-15-CLIN-06
EudraCT number: 2020-003005-61
TrialTroveID-386304"
385752,"D0817R00011
NCT04560452
TrialTroveID-385752"
385589,"ANLOLA
JiangsuCH002
NCT04566952
TrialTroveID-385589"
385018,"D0817R00010
NCT04553926
OLAP
TrialTroveID-385018"
384967,"AVANIRA3
JiangsuCH001
NCT04556071
TrialTroveID-384967"
384961,"NCT04556292
QF-SC10914-203
TrialTroveID-384961"
384955,"CTR20200059
NCT04556539
QF-SC10914-201
TrialTroveID-384955"
384797,"GBM-IIT-SHR3162-TMZ
NCT04552977
TrialTroveID-384797"
384695,"000264-C
10000264
10371
NCI-2020-06906
NCT04550494
NCT04692662
TrialTroveID-384695"
384448,"GEICO 88-R
NCT04546373"
384183,"213406
EudraCT Number: 2020-002359-39
NCT04544995
Storytime
TrialTroveID-384183"
383988,"GEICO 87-R
NCT04539327"
383756,"200149
20-C-0149
NCI-20-C-0149
NCT04538378
TrialTroveID-383756"
383701,"ChiCTR2000037709
TrialTroveID-383701"
383581,"NCT04535687
RCC-MUL-IIT-FZPL
TrialTroveID-383581"
383339,"D0817R00019
NCT04532645
OVAL-1"
383123,"ChiCTR2000036269
TrialTroveID-383123"
383027,TrialTroveID-383027
382988,"ChiCTR2000036694
TrialTroveID-382988"
382482,"ChiCTR2000035853
TrialTroveID-382482"
382418,"FZPL-I-BE-001
NCT04521192"
382387,"CESM023
NCT04518501
TrialTroveID-382387"
382185,"CTR20201749
CTR20201750
FZPL-II-201
NCT04517357
TrialTroveID-382185"
382098,"NCT04515836
TrialTroveID-382098"
381752,"I 650120
NCT04511039
TrialTroveID-381752"
381651,"2019-TJ-OVNN
NCT04507841
TrialTroveID-381651"
381626,"CHANGEABLE
NCT04508803
TrialTroveID-381626"
381088,"67652000PCR3002
AMPLITUDE
CR108852
EudraCT Number: 2020-002209-25
NCT04497844
TrialTroveID-381088"
381004,"ChiCTR2000035134
TrialTroveID-381004"
380999,"ChiCTR2000035193
TrialTroveID-380999"
380750,"MC1841
NCI-2020-05352
NCT04493060
TrialTroveID-380750"
380170,"2019-JEK-DIA-001
NCT04483544
TrialTroveID-380170"
380120,"CTR20200060
QF-SC10914-203
TrialTroveID-380120"
380076,"NCI-2020-03813
NCT04481113
STUDY00021243
TrialTroveID-380076"
379652,"213400
EudraCT Number: 2020-002202-20
NCT04475939
TrialTroveID-379652
ZEAL-1L"
378919,"69HCL19_0457
EudraCT Number: 2019-004388-37
NCT04462809
TALAMESO
TrialTroveID-378919"
378455,"A031902
CASPAR
NCI-2020-02360
NCT04455750
TrialTroveID-378455"
378383,"CTR20200573
TG1815HTM
TrialTroveID-378383"
378285,"CAROLIN
DRKS00017371
NOGGO ov45
TrialTroveID-378285"
378280,"DRKS00016716
NOGGO ov37 - NIRAPARIB CUP
TrialTroveID-378280"
378266,"DRKS00017368
NIRACTIV
NIRvertical
NOGGO ov46
TrialTroveID-378266"
377867,"CTR20200047
NCT04486937
QF-SC10914-202
TrialTroveID-377867"
377368,TrialTroveID-377368
377329,"IMP4297-106
NCT04434482
TrialTroveID-377329"
376845,"CTR20202028
NCT04425876
SHR3162-I-116
TrialTroveID-376845"
376565,"D0817C00098
EudraCT Number: 2019-003777-26
NCT04421963
ROSY-O
TrialTroveID-376565"
376543,"NCC2380
NCT04423185
TrialTroveID-376543"
376122,"20-086
NCT04417062
TrialTroveID-376122"
376116,"EPOC1903
Japic CTI-205313
NCT04417192
OLAPem
TrialTroveID-376116"
375842,"19-538
NCT04409002
TrialTroveID-375842"
375791,"DRAGON VI: PISOXO Phase I
NCT04410887
TrialTroveID-375791"
375481,"19-599
NCI-2020-04562
NCT04399876
TrialTroveID-375481"
375208,"CTR20200918
CTR20201115
NCT04400188
SHR-3162-Ib-115
TrialTroveID-375208"
375010,"A021804
NCI-2020-03379
NCT04394858
TrialTroveID-375010"
374993,"CQGOG0101
NCT04395612
TrialTroveID-374993"
374749,"CTR20200750
NCT04392102
TrialTroveID-374749
ZL-2306-008"
373859,"HCC 19-164
NCI-2020-05495
NCT04377087
TrialTroveID-373859"
373743,"EudraCT Number: 2019-001700-37
LuPARP
NCT04375267
TrialTroveID-373743"
373554,"7339-003
EudraCT Number: 2019-000698-22
jRCT2031200146
LYNK 7339-003
LYNK-003
MK7339-003
MK-7339-003
NCI-2020-05975
NCT04456699
TrialTroveID-373554"
372870,"(OPEB-01)
4-2020-0386
NCT04361370
TrialTroveID-372870"
372518,"MULAN
NCT04355858
SCHBCC-N029
TrialTroveID-372518"
372250,"IMP4297-107
NCT04351165
TrialTroveID-372250"
371931,"D19-02
EudraCT Number: 2019-004366-18
MAZEPPA D19-02
MAZEPPA D19-02 PRODIGE 72
MAZEPPA_D19-02
NCT04348045
PRODIGY 72 - MAZEPPA
TrialTroveID-371931"
371580,"CTR20200480
NCT04341077
SHR3162-I-114
TrialTroveID-371580"
371575,"NCT04341181
ProTarget
TrialTroveID-371575"
371352,"20-001
NCI-2020-02643
NCT04337970
TrialTroveID-371352"
371290,"EudraCT Number:2019-003237-41
JapicCTI-205352
KEYLYNK-012
MK-7339-012
NCI-2020-05790
NCT04380636
TrialTroveID-371290"
371269,"10509
NCI-2020-01860
NCT04336943
RG1007001
TrialTroveID-371269"
371164,"NCI-2020-02093
NCT04334941
S1929
TrialTroveID-371164"
371140,"NCT04335604
NOV140201-101
TrialTroveID-371140"
371036,"EudraCT Number: 2019-003096-20
MedOPP234
NCT04332744
TrialTroveID-371036
ZZ-First"
371025,"NCT04333134
SHR3162-I-113
TrialTroveID-371025"
370810,"CTRI/2020/03/024196
D0816R00025
NCT04330040
SOLI
TrialTroveID-370810"
370034,"NCT04313504
TrialTroveID-370034
UCCI-HN-19-03"
369672,"2019-FXY-357
ANNIE
ChiCTR2000030726
NCT04376073
TrialTroveID-369672"
369628,"NCI-2020-05323
NCT04306367
STUDY00000908
TrialTroveID-369628"
369367,"CTR20200594
NCT04300114
SHR3162-III-304
TrialTroveID-369367"
369232,"CCR4939
MONITOR-UK
NCT04295577
TrialTroveID-369232"
369212,"CTR20200370
CTR20200375
FZPL-III-303
NCT04296370
TrialTroveID-369212"
368986,"TrialTroveID-368986
UMIN000039076"
368844,"834752
NCT04288687
PLATPARP
TrialTroveID-368844
UPCC 21819"
368574,"HKUCTR-2777
NCT04284852
NEOPRIMA
TrialTroveID-368574
UW-19-681"
367145,"2345
NCT04261465
NUVOLA
TrialTroveID-367145"
366969,"BrUOG 360
NCT04253262
TrialTroveID-366969"
366208,"EudraCT Number: 2017-004323-72
LUZERN
MedOPP190
NCT04240106
TrialTroveID-366208"
365485,"EudraCT Number: 2019-001316-38
GCP
INDIGO
NCT04644432
PACTIUS
TrialTroveID-365485
UR1909"
365433,"CTR20192634
NCT04228601
SHR3162-Ib/II-112
TrialTroveID-365433"
365418,"CTR20200216
CTR20200217
FZPL-III-302
NCT04229615
TrialTroveID-365418"
365291,"ENGOT-ov59/NOGGO/MAMOC
MAMOC
NCT04227522
NOGGO ov42
NOGGO Ov-42/MAMOC
TrialTroveID-365291"
365103,"03319
NCI-2020-00068
NCT04221503
TrialTroveID-365103
UPCC 03319"
364739,"CH1902001
NCT04217798
TrialTroveID-364739"
364539,"KC18MNDS0777
KCT0004398
TrialTroveID-364539"
364480,"EUPAS30803
TrialTroveID-364480
Vital Study"
364178,"200013
20-C-0013
NCI-2019-08959
NCT04209595
TrialTroveID-364178"
364174,"J19135
NCT04209686
TrialTroveID-364174"
363952,"I 435819
NCI-2019-07826
NCT04207190
TrialTroveID-363952"
363428,"(STAR)
10329
2020-0347
NCI-2019-08262
NCT04197713
STAR Study
TrialTroveID-363428"
363242,"ASCLEPIuS
HUM00167325
NCI-2020-04465
NCT04194554
TrialTroveID-363242
UMCC 2019.117"
363115,"FZPL-I-108
NCT04193319
TrialTroveID-363115"
362960,"NCT04505839
STP-ST-01
TrialTroveID-362960"
362872,"ACTRN12616000482460
TrialTroveID-362872"
362787,"CASE2619
NCI-2020-00416
NCT04187833
TrialTroveID-362787"
362675,"MEGALiT
MEGALiT1901
NCT04185831
TrialTroveID-362675"
362211,"2019-0443
EudraCT Number: 2018-003918-40
NCI-2019-08823
NCT04182516
PARPA-293-001
TrialTroveID-362211"
362194,"2019IS147
CO-338-107
NCI-2019-08649
NCT04179396
RAMP
TrialTroveID-362194"
362079,"CTR20200289
CTR20200393
NCT04178460
TrialTroveID-362079
ZL-2306-006"
361924,"638120
A LUNG-MAP Treatment Trial
NCI-2019-07142
NCT04173507
S1900C
TrialTroveID-361924"
361890,"ID-VDP-102
NCT04174716
TrialTroveID-361890
VASTUS"
361833,"19-756
20619
AAAS6974
CO-338-100
LODESTAR
NCI-2019-08226
NCT04171700
TrialTroveID-361833"
361770,"NCT04170946
TrialTroveID-361770
UHN REB 19-5621"
361729,"GUIDE2REPAIR
NCT04169841
TrialTroveID-361729"
361722,"CTR20192330
FLAMES
IMP4297-301
NCT04169997
TrialTroveID-361722"
361504,"2000026632
NCI-2020-02512
NCT04166435
TrialTroveID-361504"
361402,"CPMS 43749
EudraCT number :2018-003971-37
ISRCTN16004234
PRIMUS 004
PRIMUS004
PRIMUS-004
PRIMUS0042018
TrialTroveID-361402"
361385,"BGB-A317-290
BGB-A317-290-LTE1
EudraCT Number: 2019-002554-23
NCT04164199
TrialTroveID-361385"
360858,"ALLOCATE
EudraCT Number: 2019-002071-34
TrialTroveID-360858"
360728,"D0816C00025
EudraCT number: 2018-003355-38
NCT04236414
TrialTroveID-360728"
360714,"GINECO-OV-237
NCT04152941
RETROLA"
360489,"NCT04149145
PARP
TrialTroveID-360489
UAB1885"
359341,"195082
7339-009
EudraCT Number: 2019-001892-35
JapicCTI-195082
KEYLYNK-009
MK7339-009
MK-7339-009
MK-7339-009/KEYLYNK-009
NCI-2020-00072
NCT04191135
TrialTroveID-359341"
359033,"CTR20191039
TrialTroveID-359033
TSL-1502-I"
358968,"282001
CONCORDE
CPMS 45504
EudraCT Number:2020-000206-28
IRAS 282001
ISRCTN10142971
MO20/118073
NCT04550104
TrialTroveID-358968"
358878,"7339-007
EudraCT Number: 2019-001745-40
KEYLYNK-007
MK-7339-007
NCI-2019-08758
NCT04123366
TrialTroveID-358878"
358810,"APC-01
ChiCTR1900026236
TrialTroveID-358810"
358686,"EudraCT Number: 2018-004843-22
MK-7339-005
TrialTroveID-358686"
358274,"CTR20200057
NCT04108247
SHR3162-ABI-I-101
TrialTroveID-358274"
358267,"FZPL-I-111
NCT04108676
TrialTroveID-358267"
358197,"66856
EudraCT number: 2018-002914-10
FUTURE
MEC 2019-0070
NL66856.078.18
NL8099
TrialTroveID-358197"
357271,"EudraCT Number-2018-000617-20
MITO 31
MITO31
NCT04091204
TrialTroveID-357271"
357011,"190138
19-C-0138
NCI-2019-06635
NCT04086485
TrialTroveID-357011"
356684,"19-0380
NCT04080284
TrialTroveID-356684"
356440,"HUM00161251
NCI-2019-03339
NCT04076579
TrialTroveID-356440
UMCC 2018.132"
356222,"NCI-2020-01721
NCT04068753
OU-SCC-STAR
STAR
TrialTroveID-356222"
356219,"19-195
NCI-2019-06048
NCT04068831
TrialTroveID-356219"
355384,"CTR20191244
IMP4297-103
NCT04057729
TrialTroveID-355384"
355118,"CADUSEIME08
DOLAF
EudraCT Number: 2018-003832-57
NCT04053322
TrialTroveID-355118
UC-0140/1812"
355111,"2019-1068
NCI-2020-02188
NCT04053673
RBN-2397-19-001
TrialTroveID-355111"
354570,"ACCRU-ICRN-1702
NCI-2019-04434
NCT04042831
TrialTroveID-354570"
354498,"CTR20191590
CTR20192733
FZPL-Ib-106
NCT04041011
TrialTroveID-354498"
354496,"NCI-2020-01825
NCT04041128
SCCC-09Y19
STU-2019-0769
TrialTroveID-354496"
354401,"19-239
NCI-2019-07939
NCT04039230
TrialTroveID-354401"
354295,"NCI-2019-02260
NCT04037254
NRG-GU007
TrialTroveID-354295"
354266,"01781
01783
19-08
BRACeD
CX001963-01
NCT04038502
ONCA-009-18F
TrialTroveID-354266"
353949,"1412676
NCI-2019-04365
NCT04030559
TrialTroveID-353949
UCDCC#279"
353622,"ChiCTR1900024488
TrialTroveID-353622"
353350,TrialTroveID-353350
353332,"19-041
NCI-2019-05121
NCT04019327
TrialTroveID-353332"
353161,"BOLD
GINECO OV 238
NCT04015739
TrialTroveID-353161"
352960,"CTR20191374
CTR20200778
FZPL-I-107
NCT04013048
TrialTroveID-352960"
352867,"FZPL-I-110
NCT04011124
TrialTroveID-352867"
352568,"NCI-2019-01265
NCT04005690
STUDY00019211
TrialTroveID-352568"
351962,"BGB-290-105
EudraCT Number: 2019-000112-28
NCT03994211
TrialTroveID-351962"
351941,"IIT-2018-RucaRamNivo
NCI-2020-01661
NCT03995017
RiME
TrialTroveID-351941"
351789,"19-188
NCI-2019-07732
NCT03990896
TrialTroveID-351789"
351771,"BGB-290-106
EudraCT Number: 2018-001156-36
IRAS ID: 242807
NCT03991494
TrialTroveID-351771"
351766,"19-5526
NCT03991832
SOLID
TrialTroveID-351766"
351603,"CTR20190906
CVL218-1001
TrialTroveID-351603"
351377,"NCT03983226
SGOG OV-05
SGOG OV5
SGOG SOC-3
SOC-3
TrialTroveID-351377"
351358,"NCI-2018-02757
NCT03983993
NIPAVect
TrialTroveID-351358
Winship4517-18"
351094,"140819
7339-006
EudraCT Number: 2018-004720-11
JapicCTI-194895
KEYLYNK-006
MK-7339-006
NCI-2019-03996
NCT03976323
TrialTroveID-351094"
350914,"19-152
NCI-2019-07929
NCT03974217
TrialTroveID-350914"
350649,"2018-0899
NCI-2019-00101
NCT03968406
TrialTroveID-350649"
350450,"NCI-2019-06240
NCT03964532
STUDY00000023
TALAVE
TrialTroveID-350450"
350329,"CTR20190890
FZPL-I-BE-001
TrialTroveID-350329"
350055,"49346 MCC-18-LUN-107-CLO
MCC-18-LUN-107-PMC
NCI-2019-03335
NCT03958045
TrialTroveID-350055"
349933,"CO-338-095
NCT03954366
TrialTroveID-349933"
349906,"10264
NCI-2019-03057
NCT03953898
PRIME Trial
TrialTroveID-349906"
349894,"19P.117
NCI-2019-02578
NCT03955640
TrialTroveID-349894"
349619,"DOMEC
EudraCT number: 2018-004575-12
NCT03951415
NL68450.058.18
NL7569
TrialTroveID-349619"
349307,"NCT03944902
TrialTroveID-349307"
349301,"32018
EudraCT Number: 2018-004147-24
MEET URO 12
Meet-URO 12
NCT03945084
TrialTroveID-349301"
349284,"CTR20190839
FZPL-Ib-105
NCT03945604
TrialTroveID-349284"
349281,"(UNITY)
19-055
NCT03945721
TrialTroveID-349281"
349211,"2018-0775
NCI-2019-00503
NCT03943173
NOW
TrialTroveID-349211"
348657,"ACTRN12619000583145
ANZGOG 1721/2018
NCT03933761
PRECISE
TrialTroveID-348657"
348117,"KY20182079-F-1
NCT03925233"
348113,"CPMC17-MEL01
NCT03925350
TrialTroveID-348113"
348010,"NCI-2019-02322
NCT03924245
STUDY00145349
TrialTroveID-348010
VICC GYN 1842"
347924,"MCC-19942
NCI-2019-02885
NCT03923270
TrialTroveID-347924"
347595,"19-464
ABTC-1801
NCI-2018-02193
NCT03914742
TrialTroveID-347595"
347476,"CTR20190607
CTR20190608
NCT04102124
SHR3680-SHR3162-II-CRPC
TrialTroveID-347476"
347446,"CTR20190652
IMP4297-2018-CN01
NCT04089189
TrialTroveID-347446"
347304,"1903397220
30388
NCI-2019-02454
NCT03911453
TrialTroveID-347304"
347297,"BTCRC-BRE18-337
NCI-2019-03633
NCT03911973
TrialTroveID-347297
UW18107"
347170,"D9170C00001
EudraCT Number: 2018-003688-73
NCI-2020-00614
NCT03907969
TrialTroveID-347170"
346430,"CH1809001
NCT03895788
TrialTroveID-346430"
346244,"18-613
NCI-2019-03870
NCT03891615
TrialTroveID-346244"
346234,"EudraCT Number: 2018-003736-77
IRFMN-OVA-7814
NCT03891576
Newton
TrialTroveID-346234"
345960,"1-2018 BSMO
1-2018BSMO
EudraCT Number: 2018-002966-37
NCT03967938
Precision 2 - Olaparib
TrialTroveID-345960"
345604,"10250
19-725
NCI-2019-01500
NCT03880019
OCR25162
TrialTroveID-345604"
345482,"10222
2000027026
2020-0014
NCI-2019-01461
NCT03878095
TrialTroveID-345482"
345470,"NCI-2020-02743
NCT03878524
SMMART
STUDY00015588
TrialTroveID-345470"
345222,"CX-839-011
NCI-2019-02256
NCT03875313
TrialTroveID-345222"
344936,"EudraCT Number: 2017-004634-28
IRAS ID-247918
MORPHEUS mUC
MORPHEUS-mUC
NCI-2019-06211
NCT03869190
TrialTroveID-344936
WO39613"
344581,"CTR20190294
FZPL-?-301-OC
NCT03863860
TrialTroveID-344581"
344209,"EudraCT Number: 2018-003954-26
METC2018-1538
NL67818.078.18
NL7514
STAR22
TrialTroveID-344209"
343673,"LUNG-MAP Sub-Study
NCI-2018-02129
NCT03845296
S1900A
SWOG S1900A
TrialTroveID-343673"
343499,"BO40933
NCT03840200
TrialTroveID-343499"
343481,"20166
71618
HCRN ESO17-325
NCI-2019-07395
NCT03840967
TrialTroveID-343481"
343451,"10217
19-628
NCI10217
NCI-2019-00601
NCT03842228
TrialTroveID-343451"
343405,"ISG-TOMAS 2
NCT03838744
TOMAS2
TrialTroveID-343405"
343282,"EudraCT Number: 2018-001213-32
MedOPP168
NCT03931551
OPHELIA
TrialTroveID-343282"
342654,"(MK-7339-010/KEYLYNK-010)
19-456
194832
7339-010
EudraCT Number: 2018-004118-16
IRAS ID: 262406
JapicCTI-194832
KEYLYNK-010
MK-7339 - 010
MK7339-010
MK-7339-010
MK-7339-010/KEYLYNK-010
MK-7339-010-00
NCI-2019-02382
NCT03834519
NL68656.056.19
TrialTroveID-342654"
342565,TrialTroveID-342565
342369,"18-001791
NCI-2018-02806
NCT03830918
TrialTroveID-342369
TRIO-US L-06"
342267,"CCR4825
EudraCT Number: 2018-000454-22
IRAS ID-234206
NCT03829345
SOLAR
TrialTroveID-342267"
342097,"ARIES
CO-338-097
NCT03824704
TrialTroveID-342097"
341134,"18-480
NCI-2019-01627
NCT03810105
TrialTroveID-341134"
340937,"ENGOT-OV42-NSGO/AVANOVA-Triplet
NCT03806049
NSGO/AVANOVA-Triplet
TrialTroveID-340937"
340816,"1807188-16
FUTURE
NCT03805399
TrialTroveID-340816"
340664,"NCI-2019-00388
NCT03801369
STUDY00018504
TrialTroveID-340664"
339591,"CRMS-70750
J18166
NCI-2019-06309
NCT03786796
ORCHID
TrialTroveID-339591"
339563,"HUM00152799
NCI-2019-04531
NCT03787680
TRAP Trial
TrialTroveID-339563
UMCC 2018.108"
339441,"ABCSG-45
EudraCT Number: 2016-004384-39
TrialTroveID-339441"
339405,"C16-40
EudraCT Number: 2017-002851-27
MULTISARC
NCT03784014
RECF3846
TrialTroveID-339405"
339242,"CER-21724
NCT03782818
OPTION
TrialTroveID-339242"
338970,"2018-1112
832893
EudraCT Number: 2018-003906-26
NCI-2019-05264
NCT03901469
TrialTroveID-338970
ZEN003694-004"
337947,"JapicCTI-184224
NCT03759600
Niraparib-2002
TrialTroveID-337947
U1111-1222-4100"
337892,"2018/2727
ARIANES
ARIANES study
EudraCT Number: 2018-001744-62
NCT04276376
RECF3851
TrialTroveID-337892"
337396,"EudraCT Number: 2018-002274-44
GINECO-OV239B
NCT03752216
NiQoLe
TrialTroveID-337396"
337274,"64091742PCR3001
64091742PCR3001 44838
CR108534
CTR20192195
EudraCT Number: 2017-003364-12
MAGNITUDE
NCI-2019-03801
NCT03748641
NL67657.056.18
NMRR-18-2962-44838
TrialTroveID-337274"
337256,"18083
18-25253
19-204
NCI-2018-02345
NCT03749187
PNOC017
TrialTroveID-337256"
337001,"CSET 2850
GINECO-EN-104b
GINECO-UTOLA
NCT03745950
RECF3746
TrialTroveID-337001
UTOLA"
336820,"NCT03742245
Pro00020138
TrialTroveID-336820"
336802,"(MK-7339-002 / LYNK-002)
19-139
2018-01891
7339-002
7339-002-00
EudraCT Number: 2018-003007-19
IRAS ID: 255158
JapicCTI-194694
LYNK002
LYNK-002
MK-7339-002
NCI-2018-03519
NCT03742895
PER-046-18
SNCTP000003157
TrialTroveID-336802"
336769,"EudraCT Number: 2018-003056-21
NCT03741426
TrialTroveID-336769
WIRE"
336759,"40609
EudraCT Number: 2018-002077-21
ICR-CTSU/2017/10065
IRAS ID: 249774
ISRCTN47127434
NCT03740893
PHOENIX
PHOENIX DDR/Anti-PD-L1 Trial
TrialTroveID-336759"
336541,"B9991040
EudraCT Number: 2019-001358-24
JAVELIN IL-2 Medley
NCI-2019-05817
NCT04052204
TrialTroveID-336541
TX228658"
336100,"CTR20190159
D081SC00001
EudraCT Number: 2018-002011-10
JapicCTI-184204
NCI-2019-02446
NCT03732820
Pro00090813
PROpel
TrialTroveID-336100"
335161,"4P-19-7
BGB-290-202
EudraCT Number: 2018-002587-28
IRAS 258565
NCI-2019-03401
NCT03712930
RG1005384
TrialTroveID-335161"
334278,"1810-035-977
2018-10-009
4-2018-0749
AMBITION
ESR-17-12678
KCT0003283
KGOG3045
NCT03699449
TrialTroveID-334278"
334003,"NCT03696186
STAMP
TrialTroveID-334003"
333984,"JapicCTI-184225
NCT03759587
Niraparib-2001
TrialTroveID-333984
U1111-1222-4074"
333969,"EndoBARR
IIT-BRADLEY-ENDOBARR
NCI-2020-07164
NCT03694262
PRO
TrialTroveID-333969"
333618,"NCI-2019-04210
NCT03685331
TrialTroveID-333618
UPCC 21118"
333468,"18-25513
189510
NCI-2018-01648
NCT03682289
TrialTroveID-333468"
332938,"18-001387
NCI-2018-01409
NCT03672773
TrialTroveID-332938
TRIO-US L-07"
332444,"20193007
COCOS
GY012
NCI-2017-01672
NCT03660826
NCTNGY012
nrg gy012
NRG GY012
NRG-GY012
PCRC_GY012
TrialTroveID-332444
TX10173"
332201,TrialTroveID-332201
332003,"2018/00137
MC01/01/18
NCT03772561
TrialTroveID-332003"
331770,"0627
EudraCT Number: 2017-003353-41
IRAS ID: 217815
ISRCTN39816629
MiST
NCT03654833
TrialTroveID-331770"
331612,"ENGOT-en8
EudraCT Number: 2019-002662-12
GINECO-EN203b
NCT03651206
ROCSAN
TrialTroveID-331612"
331277,"NCT03645200
TP53MuToma
TrialTroveID-331277"
331152,"H-40404
NCT03644342
NIVIX
TrialTroveID-331152"
331085,"18-223
NCI-2018-02398
NCT03641755
TrialTroveID-331085"
330995,"BilT-02
HUM00142974
NCI-2019-01859
NCT03639935
TrialTroveID-330995
UMCC 2018.044"
330845,TrialTroveID-330845
330843,"B9991030
EudraCT Number: 2017-004456-30
J18128
JapicCTI-194567
JAVELIN Ovarian PARP
JAVELIN OVARIAN PARP 100
NCT03642132
TrialTroveID-330843"
330695,"D0816C00019
NCT03505307
TrialTroveID-330695"
329718,"18-0567
18-0567.cc
NCI-2018-02063
NCT03617679
TrialTroveID-329718"
328961,"MORPHEUS
TrialTroveID-328961"
328958,"AAAS0353
EudraCT Number: 2018-000631-27
GYN 85
J18174
NCI-2018-02557
NCT03695380
Roche YO40482
TrialTroveID-328958
YO40482"
328954,"JapicCTI-184036
TrialTroveID-328954"
328927,"19-717
NCI-2018-01519
NCT03598257
S1706
TrialTroveID-328927"
328824,"18-207
NCI-2018-02395
NCT03601923
TrialTroveID-328824"
328492,"NCT03594396
S1709-101-888
TrialTroveID-328492"
328339,"D0819C00005
NCT03590938
TrialTroveID-328339"
327945,"2017-0404
NCI-2018-01311
NCT03586661
TrialTroveID-327945"
327722,"18-521
19-702
20190524
2020-0073
AAAS2224
ACNS1721
NCI-2018-01361
NCT03581292
TrialTroveID-327722"
327271,"NCT03575078
STU 052018-073
TrialTroveID-327271"
327105,"NCI-2018-01747
NCT03572478
TrialTroveID-327105"
326995,"9985
NCI-2018-00977
NCT03570476
RG1718008
TrialTroveID-326995"
326660,"18-291
18-392
2018-0256
B9991032
C-350
EudraCT Number: 2018-000345-39
JapicCTI-194898
JAVELIN BRCA / ATM
Javelin BRCA/ATM
NCI-2018-01421
NCT03565991
NL66360.028.18
TrialTroveID-326660"
326484,"69HCL18_0132
EudraCT Number: 2018-002584-25
NCT03561870
OLAGLI
TrialTroveID-326484"
326279,"2018.033
HUM00142973
NCI-2019-01067
NCT03559049
TrialTroveID-326279
UMCC 2018.033"
326042,"IIT-2017-NIRA-PANC
NCT03553004
NIRA-PANC
STUDY00141862
TrialTroveID-326042"
326040,"D0816C00024
IVIVC
IVIVC D0816C00024
NCT03553108
S61087
TrialTroveID-326040"
325980,"2018C0042
NCI-2018-00438
NCT03552471
OSU-18007
TrialTroveID-325980"
325564,"19-168
CO-338-098
NCI-2019-04655
NCT03992131
SEASTAR
SEASTAR-A
SEASTAR-B
TrialTroveID-325564"
325407,"NCI-2018-00819
NCT03544125
STUDY00018239
TrialTroveID-325407"
325321,"18-002
NCI-2018-01207
NCT03542175
TrialTroveID-325321"
324854,"HCI111833
NCI-2018-01754
NCT03533946
ROAR
TrialTroveID-324854"
324816,"EudraCT Number: 2017-002765-22
NCT03534492
NEODURVARIB
SOGUG-2017-A-IEC(VEJ)-2
SOGUG-2017-A-IEC(VEJ)-2/NEODURVARIB
TrialTroveID-324816"
324807,"180097
18-C-0097
NCI-18-C-0097
NCI-2018-01075
NCT03531840
TrialTroveID-324807"
324779,"BGB-290-201
CTR20171623
NCT03575065
TrialTroveID-324779"
324736,"18-195
NCI-2018-01520
NCT03532880
TrialTroveID-324736"
324382,"CTR20180489
D0816C00016
D0816C00016 48532
L-MOCA
NCT03534453
NMRR-19-1566-48532
TrialTroveID-324382"
324110,"CO-338-078
NCT03521037
TrialTroveID-324110"
323685,"9984
NCI-2018-00542
NCT03516812
RG1718004
TrialTroveID-323685"
323604,"ACTRN12618000686202
CTC 0178 / ANZGOG 1723/2018
SOLACE 2
SOLACE2
TrialTroveID-323604"
322649,"18042
18260
2018-0322
C3441020
NCI-2018-01223
NCT03499353
TALAZOPARIB NEOADJ BC
TrialTroveID-322649"
322648,"CO-338-081
NCT03499444
RUCA-J
TrialTroveID-322648"
322479,"JapicCTI-183911
NCT03497429
Niraparib-1001
TrialTroveID-322479
U1111-1209-0340"
322443,"21R / 2017
AIO-CUP-0117/ass
CUPISCO
CUPISCO (Roche FM MX39795)
CUPISCO MX39795
Cupisco-capi
ENCORE
EudraCT Number: 2017-003040-20
IRAS ID 241447
jRCT2071200082
MOH_2019-05-06_005949
MX39795
MX39795 CUPISCO
NCT03498521
NL69436.056.19
TrialTroveID-322443"
321178,"Clovis-001
NCI-2019-00334
NCT03476798
OU-SCC-Clovis-001
TrialTroveID-321178"
321085,"EudraCT Number: 2017-003183-13
NCT03470805
OLATRA
TrialTroveID-321085"
320888,TrialTroveID-320888
320114,"CeNturIOn
CeNturIOn-2016
EudraCT Number: 2017-004780-13
ISRCTN10490346
TrialTroveID-320114"
320100,"18-06-133-01
18-330
19616
BAYOU
D933IC00003
EudraCT Number: 2017-004556-27
NCI-2018-02504
NCT03459846
TrialTroveID-320100"
319547,"CTR20180156
HR-FZPL-Ib-OC
NCT03509636
TrialTroveID-319547"
319516,"112212
17-2606
GU15-262
HCRN GU15-262
J1892
NCI-2018-00933
NCT03448718
TrialTroveID-319516
VICCURO1856"
319129,"9841
NCI-2018-00016
NCT03442556
PLATI-PARP
RG1717043
TrialTroveID-319129"
318707,"EudraCT Number: 2017-001469-26
IMANOL
NCT03434158
SOGUG-2016-A-IEC(PRO)-12
TrialTroveID-318707"
318603,"337
BrUOG 337
NCT03432897
TrialTroveID-318603"
318322,"20180142
BGB 290-303
BGB-290-303
CTR20171664
EudraCT Number: 2017-003493-13
HKUCTR-2411
Japic CTI-205269
NCI-2018-02735
NCT03427814
PARALLEL 303
TrialTroveID-318322
VICCGI1892"
318293,"2017-10-074
NCT03428607
SUKSES-N2
TrialTroveID-318293"
318222,"33260
CCC844
COMICE
EudraCT Number: 2016-004215-13
IRAS ID 209375
ISRCTN10841582
NCT04487587
TrialTroveID-318222"
318121,TrialTroveID-318121
318089,"EudraCT Number: 2017-004367-12
FCR173009
NCT03425201
NICARAGUA
TrialTroveID-318089"
317858,"BGB-290-302
ChiCTR1800014643
CTR20171666
NCT03419884
NCT03519230
TrialTroveID-317858"
317454,"CTR20171649
HWH340-RFPA 20170821
NCT03415659
RFPA 20170821
TrialTroveID-317454"
317354,"CRMS-68145
J17187
NCI-2018-01989
NCT03413995
TrialTroveID-317354
TRIUMPH"
316868,"828516
NCI-2018-02435
NCT03404960
Parpvax
TrialTroveID-316868
UPCC 35217"
316708,"EudraCT Number: 2018-000313-20
M15-536
NCT03400306
TrialTroveID-316708"
316538,"D0816C00020
EudraCT Number: 2017-002767-17
IEO 714
IRAS ID 233922
MOH_2018-03-13_002244
NCT03402841
NL63293.028.17
OPINION
TrialTroveID-316538"
316339,"BASIC-ROYAL / HIGH-ROYAL
C3441021
CSET 2938
CTR20191443
CTR20191444
EudraCT Number: 2017-003295-31
GU 170 - C3441021
HCC 19-054
JapicCTI-194665
LH19.022
MOH_2019-05-16_007127
NCI-2018-01651
NCT03395197
Pfizer C3441021
R19062M
RECF3951
RWF_C3441021 TALAPRO-2
TALAPRO-2
TrialTroveID-316339
TX228665
UCI-18-47
VICCURO17115"
316300,"ATARI
EudraCT Number: 2018-003779-36
ICR-CTSU/2018/10066
IRAS ID:254912
MREC N°19/LO/1082
NCT04065269
TrialTroveID-316300
UKCRN ID 42436"
316299,"ENGOT-cx7
ENGOT-Cx7 / MaRuC
ENGOT-CX7 / NSGO / MaRuC
ENGOT-Cx7-NSGO/MaRuC
EudraCT Number: 2018-003756-20
MaRuC
NCT03795272
TrialTroveID-316299"
315970,"AGO ovary 2.33
ANITA
BGOG-ov-41
ENGOT-ov41
ENGOT-OV41/GEICO 69-O/ANITA
ENGOT-ov41/GEICO/ANITA
ENGOT-Ov41/GEICO69-O/ANITA
EudraCT Number: 2018-000366-11
GEICO 69-O
GEICO-69-O
NCT03598270
TrialTroveID-315970"
315920,"112811
2018-0401
B9991033
EudraCT Number: 2018-000124-34
NCI-2018-02044
NCT03637491
TrialTroveID-315920"
315859,"7339-001
7339-001-00 / ENGOT-ov43
Engo-ov43 / MK7339-001
ENGOT-c
ENGOT-ov43
ENGOT-ov43/BGOG
EudraCT Number: 2018-001973-25
GOG-3036
JapicCTI-194619
KEYLYNK-001
KEYLYNK-001/ENGOT-ov43
MK-7339-001
MK-7339-001/ENGOT-ov43
MK-7339-001/KEYLYNK-001/ENGOT-ov43
NCI-2020-01958
NCT03740165
TrialTroveID-315859"
314947,"2017/1168
EudraCT Number: 2017-001689-11
IMPACT
NCT03378297
TrialTroveID-314947
WOO"
314893,"10144
19C0023
NCI-2017-02296
NCT03375307
P162941
TrialTroveID-314893"
314402,"EudraCT Number: 2016-002892-80
MedOPP100
NCT03367689
NOBROLA
TrialTroveID-314402"
314378,"F2017000 (UAB 17112)
NCI-2020-07859
NCT03368729
TrialTroveID-314378"
313785,"0C-17-14
2017-0790
211-17
213354
3000-01-003
NCI-2017-02482
NCT03359850
TrialTroveID-313785"
313392,"17218
18-1042
18-486
3000-03-005
3000-03-005/ENGOT-OV44
ENGOT-ov44
ENGOT-ov44/FIRST Study
ENGOT-ov60/NCRI
EudraCT Number:2018-000413-20
FIRST
FIRST-ENGOT-Ov44
HCA_3000-03-005 (139-19-GCA-HC)
IRAS ID 247849
MOH_2018-12-11_004840
NCI-2018-02381
NCT03602859
NL66122.042.18
OVA005
Pro00020607
RECF3800
S18-00572
The FIRST Study
TrialTroveID-313392"
313066,"2000024073
2017-0682
213362
3000-01-004
NCI-2018-00025
NCT03329001
REFMAL 541 DDU - 3000-01-004
TrialTroveID-313066"
312764,"17-428
18-414
NCI-2018-00778
NCT03344965
TBCRC 048
TBCRC048
TrialTroveID-312764"
312729,"C3441030
JapicCTI-173773
NCT03343054
TrialTroveID-312729"
312559,"109848 (ATLAS; CO-338-085)
1824GCCC
18-297
20180915
ATLAS
CO-338-085
EudraCT Number: 2017-004166-10
NCI-2018-01112
NCT03397394
RWF_CO-338-085
TrialTroveID-312559"
312203,"115141
ACCRU-GI-1603
NCI-2017-01976
NCT03337087
TrialTroveID-312203"
312085,"17-687
18-1008
2017-0524
34807
B9991025
EudraCT Number: 2017-001509-33
IRAS ID 235395
JAVELIN PARP MEDLEY
NCI-2017-02385
NCT03330405
P 60917
s17-01353
S17-01353
TrialTroveID-312085"
312063,"17-666
19394
213355
3000-01-005
BRE 308
J17183
NCI-2018-00675
NCT03329937
TrialTroveID-312063"
311969,"119833
18-1003
18-116
2018-0327
D6185C00001
EudraCT Number: 2017-002208-28
HUDSON
NCI-2018-00569
NCT03334617
TrialTroveID-311969"
311860,"CTR20170836
NCT03551171
TrialTroveID-311860
ZL-2306-002"
311782,"20172287
213358
3000-02-004
IGYO18026
NCI-2018-00107
NCT03326193
OVARIO
TESARO PR-3000-02-004
TrialTroveID-311782"
311297,"(COMRADE)
10096
NCI-2017-01920
NCT03317392
TrialTroveID-311297"
311286,"NCT03317743
NOV140101-101
TrialTroveID-311286"
311271,"169521
17-22565
CC# 169521
NCI-2017-02294
NCT03318445
TrialTroveID-311271"
311143,"BAROCCO
EudraCT Number: 2016-003964-38
IRFMN-OVA-7289
NCT03314740
TrialTroveID-311143"
311051,TrialTroveID-311051
311049,"(PARPi) 2X-1002
18-633
2X-1000
2X-1002
EudraCT Number: 2018-003341-41
NCI-2019-02288
NCT03878849
PREDICT 2X-121
TrialTroveID-311049"
310627,"CTR20180533
NCT03709316
TrialTroveID-310627
ZL-2306-004"
310626,TrialTroveID-310626
310184,"CA209-9DL
CAPTUR
ESR-17-12831
ML39800
NCT03297606
PM1
TrialTroveID-310184
WI233446"
309663,"10147
171/ NCI 10147
9L-18-13
ETCTN10147
NCI 10147
NCI-2017-01715
NCT03289910
TrialTroveID-309663"
309510,"BRTLUCY
D0816C00018
EudraCT number: 2017-001054-34
LUCY  D0816C00018
LUCY trial
NCT03286842
TrialTroveID-309510"
309155,"ACTRN12617001000392
MoST Addendum 3
TrialTroveID-309155
U1111-1182-6652"
309075,"ACTRN12617000855325
CTC0160
EMBRACE study
TrialTroveID-309075"
308858,"17/SC/0536
COPELIA
CPMS ID: 32358
EudraCT Number: 2016-004617-28
IRAS: 216069
ISRCTN16320634
NCT03570437
R120537
TrialTroveID-308858
U1111-1197-9991"
308094,"ENGOT OV30
ENGOT-OV30 / NSGO
ENGOT-OV30/NSGO
EudraCT Number: 2017-002805-36
NCT03267589
NSGO-OV-UMB1
TrialTroveID-308094"
307885,"2017-0133
NCI-2018-01071
NCT03263650
TrialTroveID-307885"
307626,"2017-0073
NCI-2018-01094
NCT03259503
TrialTroveID-307626"
307181,"EudraCT Number: 2017-000456-26
NCT03251612
TICC1
TrialTroveID-307181
Tumorspheres Colrec
Tumorspheres_Colrec"
307172,"CER-21658
NCT03251872
OPTION-p
PARP1
TrialTroveID-307172"
306486,"HETIAN64
NCT03239015
TrialTroveID-306486"
306275,TrialTroveID-306275
306273,"17182
18-481
215102
ARIEL5
ATHENA
C-354
CO-338-087
ENGOT
ENGOT-ov45
ENGOT-ov45/NCRI/ATHENA
EudraCT Number: 2017-004557-17
GOG3020
GOG-3020
IRAS ID 240011
JapicCTI-194668
NCI-2018-01248
NCT03522246
TrialTroveID-306273"
306160,"20170841
APEC1621H
NCI-2017-00766
NCT03233204
TrialTroveID-306160"
305855,"C-II-011
NCT03227016
TrialTroveID-305855"
305342,"EudraCT Number: 2017-003508-39
NCT03562832
OV-121
SMR-3475
TrialTroveID-305342"
305063,"10129
19-713
2000023083
NCI10129
NCI-2017-01182
NCT03212274
TrialTroveID-305063"
304803,"2017-0085
NCI-2017-02484
NCT03209401
TrialTroveID-304803"
304543,"NCI-2020-05557
NCT03207347
OCR15732
TrialTroveID-304543
UF-ETG-001
UF-STO-ETI-001"
302567,"DORA
ESR-15-11311/EPM 6724
ESR-15-11311/EPM6724
KCT0003383
NCI-2018-02389
NCT03167619
Pro00080769
TrialTroveID-302567"
302111,"2016-1129
NCI-2018-01205
NCT03162627
TrialTroveID-302111"
302014,"EudraCT Number: 2016-004850-14
GEICO-1601
GEICO1601-ROLANDO
NCT03161132
ROLANDO
TrialTroveID-302014"
301713,"NCT03154281
TNE001
TrialTroveID-301713"
301676,"17-729
2017-0625
20170841
APEC1621SC
COGAPEC1621
COGAPEC1621SC
N 55017 SC
NCI-2017-01251
NCI-COG Pediatric MATCH
NCT03155620
Pediatric MATCH
TrialTroveID-301676"
301483,"BGB-290-103
EudraCT Number:2017-001553-14
MC# 17-16
NCI-2018-00609
NCT03150810
TrialTroveID-301483"
300793,"NCI-2017-00846
NCT03140670
TrialTroveID-300793
UPCC 05217"
300124,"AIO-STS/TF-0117/ass
EudraCT Number: 2017-001755-31
GISG 16
NCT03127215
NCT-2017-0417
NCT-PMO-1603
NCT-PMO1603 TOP-ART
TOP-ART
TrialTroveID-300124"
299919,"C16-468
NCT03123211
TrialTroveID-299919"
299763,"EudraCT Number: 2016-003468-38
NCT03212742
OLA-TMZ-RTE-01
RECF3253
TrialTroveID-299763"
299668,"CTR20170271
IMP4297-2016-CN01
NCT03508011
TrialTroveID-299668"
299564,"32967
CPMS ID-32967
EudraCT Number: 2016-000559-28
IRAS ID-201093
ISRCTN14784018
NCT03117933
OCTO_062
OCTO-062
OCTOVA
TrialTroveID-299564"
299239,"EudraCT Number: 2016-001837-28
IC 2016-01 RadioPARP
NCT03109080
RadioPARP
TrialTroveID-299239"
299118,"17/WS/0180
D0816C00014
ENGOT-ov38
ENGOT-ov38 / OReO
ENGOT-ov38/GINECO/OReO
EudraCT Number: 2016-003346-90
IRAS : ID 225790
NCT03106987
OReO
OReO/GINECO ENGOT-ov38
RECF3698
TrialTroveID-299118"
298947,"OvCa 3000-03-003
TrialTroveID-298947"
298870,"OvCa 3000-03-002
TrialTroveID-298870"
298868,"3000-03-001
Lung 3000-03-001
Lung 3000-03-01
TrialTroveID-298868"
298861,"TNBC 3000-03-004
TrialTroveID-298861"
298084,"1559-HNCG
EORTC HN1559
EORTC-1559-HNCG
EORTC-HNCG-1559
EudraCT Number: 2017-000086-74
IRAS ID 236404
NCT03088059
RECF3462
TrialTroveID-298084
UPSTREAM"
298035,"15-336
NCT03085147"
297535,"D0816R00014
NCT03079687
TrialTroveID-297535"
297471,"C3441004
EudraCT number: 2016-001813-26
MDV3800-04
NCT03077607
TrialTroveID-297471"
297378,"16G.085
17-698
8649
c15-162
NCI-2016-00526
NCT03076203
NiraRad
RAPARP
TrialTroveID-297378"
297290,"CTR20170154
FZPL-I-104-OC/BC
NCT03075462
TrialTroveID-297290"
296909,"C3441003
EudraCT Number: 2016-001394-33
MDV3800-03
NCT03070548
TrialTroveID-296909"
296572,"D0816L00006
JapicCTI-173540
NCT03063710
TrialTroveID-296572"
296406,"NCI-2016-02018
NCT03061188
NU 16MH03
NU 16MH03 23786
STU00204250
TrialTroveID-296406"
296376,"JPI-289-P2
NCT03062397
TrialTroveID-296376"
296299,"BRC6G
Lung-MAP
Lung-Map Sub-Study
NCI-2017-00135
NCT02154490
NCT03377556
S1400G
SWOG S1400G
TrialTroveID-296299"
296063,"16-573
I4D-MC-E004
NCI-2017-00488
NCT03057145
TrialTroveID-296063"
295638,"10773
12079 ESCR
CRMS-65586
J16163
NCI-2017-00733
NCT03047135
TrialTroveID-295638"
295484,"201600942
NCT03044795
REPAIR
TrialTroveID-295484"
295332,"C3441005
MDV3800-14
NCI-2017-00414
NCT03042910
TrialTroveID-295332
TRIO 029"
294825,"CTMS#16-0133
NCT03032614
TrialTroveID-294825"
294754,"CTR20161033
FZPL-I-103-GC
NCT03026881
TrialTroveID-294754"
294599,"CTR20161032
FZPL-I-102-Food
NCT03062982
TrialTroveID-294599"
294510,TrialTroveID-294510
294266,"TrialTroveID-294266
UMIN000025521"
293959,"CTR20170835
NCT03705156
NORA
TrialTroveID-293959
ZL-2306-001"
293958,TrialTroveID-293958
293922,"NCT03016338
NEC
TrialTroveID-293922"
293803,"101708
19137
BRCAAway
C16-168
NCI-2016-01834
NCT03012321
NU 16U05
NU_16U05
PCCTC #: c16-168
PCCTC c16-168
STU00203960
TrialTroveID-293803"
293751,"COMETA-Breast study
ESR-15-11274
EudraCT Number: 2016-001407-23
GEICAM / 2015-06 (COMETA-Breast)
GEICAM/2015-06
GEICAM/2015-06 COMETA-Breast
NCT03205761
TrialTroveID-293751"
293738,"BGB-290-102
CTR20160828
NCT03333915
TrialTroveID-293738"
293606,"10017760
10066
17450
18-708
2000021407
NCI 10066
NCI-2016-02049
NCT03008278
PHII-162
TrialTroveID-293606"
293561,"2016-03-078
KCT0002276
NCT03009682
SUKSES-B
TrialTroveID-293561"
293157,"3000-07-001
NCT03025867
TrialTroveID-293157"
292759,"17-089
2016-0798
C3441002
MDV3800-02
NCI-2017-00161
NCT02997176
TrialTroveID-292759"
292712,"31608
CRUK/15/010
EudraCT Number: 2015-003735-36
ICR-CTSU/2015/10056
IRAS 187103
ISRCTN16945804
NCT03182634
plasmaMATCH
TrialTroveID-292712"
292141,"16094
16413
98317
Clinical Trial 18963
CSET 2529
CTR20180162
D081DC00007
EudraCT Number: 2016-000300-28
IRAS ID:228836
J1710
JapicCTI-173552
MOH_2017-04-18_000316
NCI-2017-00284
NCT02987543
NL59750.031.16
Profound
PROfound
TrialTroveID-292141"
292086,"AME
CO-338-045
EudraCT Number: 2015-004394-32
NCT02986100
TrialTroveID-292086"
291965,"9763
NCT02985658
RG1716061
TrialTroveID-291965"
291909,"17-452
2016-0757
D0816L00003
LIGHT
LYN 201
MC# 16-38
NCI-2017-00993
NCT02983799
ONC_LIGHT D0816L00003
TrialTroveID-291909"
291385,"10067
17-1986
17-735
2000021867
AAAR9182
Clinical Trial 19385
NCI-2016-01769
NCT02974621
TrialTroveID-291385
UM1 LAO-MAO36"
291262,TrialTroveID-291262
289903,"I 288216
NCI-2016-01598
NCT02953457
TrialTroveID-289903"
289232,"EudraCT Number: 2016-001658-16
M15-534
NCI-2017-00503
NCT02944396
TrialTroveID-289232
TX151362"
288874,TrialTroveID-288874
288704,"051701
17-091
2016-0797
C3441001
EudraCT Number: 2016-002536-33
MDV3800-01
NCI-2017-00182
NCT02997163
TrialTroveID-288704
TRIO031"
288630,"16-1087
16-2449
16445
201610146
20162429
CA018003
CA018-003
EudraCT Number: 2016-002807-24
FRACTION CA018-003
FRACTIONGastric Cancer
FRACTION-Gastric Cancer
FRACTION-GC
NCI-2017-00025
NCT02935634
NL59770.018.17
RWF_CA018-003
TrialTroveID-288630
U1111-1184-8857"
288394,"CTR20160752
NCT02940132
QF-SC10914-011
TrialTroveID-288394"
287875,"64091742PCR1001
BEDIVERE
CR108230
EudraCT Number: 2016-002694-35
NCI-2018-00349
NCT02924766
TrialTroveID-287875"
287200,"NCT02489058
OZM-061"
286951,"ATLANTIS
ATLANTIS_2015
CRUK/12868
EudraCT Number: 2015-003249-25
IRAS ID: 186191
ISRCTN25859465
TrialTroveID-286951"
286453,"17-732
9974
NCI-2016-01363
NCT02899728
s16-01472
TrialTroveID-286453"
286371,"10031
17-715
NCI-2016-01364
NCT02898207
TrialTroveID-286371"
285978,"16-613
20162888
20170207
AZ D8488C00001
CONCERTO
D8488C00001
IGYO-16111
NCI-2016-01569
NCT02889900
TrialTroveID-285978
UCI-16-52"
285760,"BR36
EudraCT Number: 2016-000865-22
IRAS ID 197457
ISRCTN51253312
PARADIGM-2
PARADIGM2-2016
TrialTroveID-285760"
285488,"2016-0886
C3441010
EudraCT Number: 2016-001972-31
IRAS ID 211856
MDV3800-13
NCI-2017-00041
NCT02921919
TrialTroveID-285488"
285157,"1565GCC
HP-00066370
NCI-2017-00417
NCT02878785
TrialTroveID-285157"
284920,TrialTroveID-284920
284575,"081704
17-200
Clinical Trial 18986
CO-338-052
EudraCT Number: 2016-003162-13
FVCTS-2017-25439
GU 142
IGUP17014
IRAS ID: 219516
NCI-2017-01109
NCT02952534
P 36616
S16-01935
TrialTroveID-284575
TRITON2
USO 16237"
284176,"INT 148-17
MITO 25
MITO25
MITO-25
NCT03462212
TrialTroveID-284176"
284015,"EudraCT Number: 2015-003450-40
HYPPI
NL54543.078.15
NL5603
NTR5842
TrialTroveID-284015"
283852,"15_DOG01_142
CFTSp104
CPMS ID 31669
EudraCT number: 2015-003883-36
IRAS ID 210678
MOLTO
NCT02855697
TrialTroveID-283852"
283774,"16-493
18-068
2016-0735
20162044
64091742PCR2001
CR108208
CSET 2444
DRKS00011169
EudraCT Number: 2016-002057-38
GALAHAD
IRAS ID: 214004
NCI-2016-01328
NCT02854436
NL58879.029.16
TrialTroveID-283774"
283511,"10020
109587 (10020)
1608018258
17-709
18979
5UM1CA186709-04
Clinical Trial 18979
NCI-2016-01130
NCT02849496
OSU-17011
TrialTroveID-283511"
283096,"EudraCT Number: 2016-000171-24
GCTSK004
NCT02860819
TrialTroveID-283096"
282325,"NCI-2016-01044
NCT02831179
TrialTroveID-282325
VICC GI 14134"
282152,"ABC
EudraCT Number: 2016-001852-23
M14ABC
NCT02826512
NL57676.031.16
TrialTroveID-282152"
281825,"CLIO
EudraCT Number: 2015-005838-22
NCT02822157
TrialTroveID-281825"
281268,"2016/2396
AcSé-ESMART
CPMS ID: 41564
CSET-2016/2369-ITCC-057
ESMART
EudraCT Number: 2016-000133-40
IRAS ID 228992
NCT02813135
NL60586.078.17
RECF2972
TrialTroveID-281268"
281217,"EudraCT Number: 2016-002493-13
M16BRC
NCT02810743
NL58091.031.16
SUBITO
TrialTroveID-281217"
279940,"ACTRN12616000689471
IMP4297-2016-AU01
NCT03507543
TrialTroveID-279940"
279832,"EudraCT Number: 2015-003722-13
IB 2015-05
NCT02787642
RADIOSARP
RECF2974
TrialTroveID-279832"
279586,"16-2009
18-730
CTSU/NRG-GI002
NCI-2016-00222
NCT02921256
NRG GI002
NRG-GI002
s17-00197
TrialTroveID-279586"
279165,"DRKS00011413
EudraCT Number: 2015-003509-41
GBG 90
GBG90
GeparOLA
NCT02789332
TrialTroveID-279165"
279015,"MDV3800-11
NCT02836028
TrialTroveID-279015"
279012,TrialTroveID-279012
278951,TrialTroveID-278951
278815,"EudraCT Number: 2015-005268-41
HE5A/15
NCT02882308
Ophelia
TrialTroveID-278815
Window"
278695,"ET00100869
EudraCT Number: 2016-002610-47
IRAS ID 215913
NCT03101280
RECF3515
TrialTroveID-278695
WO39409"
278217,"15/NW/0926
30433
A093777
CPMS ID: 30433
CRUKE/14/048
EudraCT Number: 2015-002811-13
IRAS ID: 178681
ISRCTN58892741
NCT03150576
PARTNER
TrialTroveID-278217"
278163,"NCT02759666
SHR3162-002
TrialTroveID-278163"
277722,"69HCL15_0321
ENDOLA
EudraCT Number: 2015-004364-11
NCT02755844
TrialTroveID-277722"
277701,"DRUP
EudraCT Number: 2015-004398-33
M15DRU
NCT02925234
NL54757.031.16
TrialTroveID-277701"
277237,"NCT02747342
SHR3680-002
TrialTroveID-277237"
276817,"CO-338-044
DDI
NCT02740712
TrialTroveID-276817"
275899,"160087
16-C-0087
17-016
9771
NCI-2016-00355
NCT02723864
P141582
TrialTroveID-275899"
275823,"17-435
BGB-290-104
CNS 26
EudraCT Number: 2017-001554-33
NCI-2017-01307
NCT03150862
NL62708.056.17
TrialTroveID-275823"
274669,TrialTroveID-274669
274668,"16358
C3441006
CSET 2503
EudraCT Number: 2016-002036-32
IRAS ID: 212853
MDV3800-06
MDV3800-06(C3441006)
NCI-2017-01403
NCT03148795
NL59035.091.16
TALAPRO-1
TrialTroveID-274668"
274667,TrialTroveID-274667
273941,"20170529
NCI-2017-00510
NCT02693535
Pro00014171
TAPUR
TrialTroveID-273941"
273418,"1409014536
NCT02686008
TrialTroveID-273418"
273116,"NCI R21-CA135572
NCI U01-CA062487
TrialTroveID-273116"
273099,"EudraCT Number: 2017-001192-23
e-Volve 1
NCT02681237
OZM-060
TrialTroveID-273099"
273091,"BEYOND
EudraCT Number: 2015-000298-11
ISS22810078
NCT02681562
OLTRE
TrialTroveID-273091"
272879,"ACTRN12615000407594
COGNO 14/01
CTC 0131
NC111
TrialTroveID-272879
U1111-1167-6365
VERTU"
272870,"2015-0503
NCI-2016-00351
NCT02677038
TrialTroveID-272870"
271804,"3804
EudraCT Number: 2014-002169-30
IRAS ID-154429
NCT02678182
PLATFORM
TrialTroveID-271804"
271778,"16-183
18-009
A317/290
BGB-A317/BGB-290
BGB-A317/BGB-290_Study_001
CT783
EudraCT Number: 2017-003580-35
NCI-2018-00791
NCT02660034
P 55217
TrialTroveID-271778
VICCPHI1814"
271589,"106289
1612038226
20162178
ARIEL4
CO-338-043
EudraCT Number: 2016-000816-14
i2254
IRAS ID 206855
NCI-2016-01669
NCT02855944
TrialTroveID-271589
UCI-16-69"
271586,TrialTroveID-271586
271547,"16238
1723GCCC
18-146
18-300
20171185
2018IS040
CO-338-063
CSET 2620
EudraCT Number: 2016-003163-20
GU 146
IGUP17020
IRAS ID: 222298
NCI-2017-01110
NCT02975934
S16-02260
STAR Trial
TrialTroveID-271547
TRITON 3_CO-338-063
TRITON3"
271542,TrialTroveID-271542
270834,"ACTRN12616001187437
MatchMel
MIA2015/174
MIA-M-15-01
NCT02645149
TrialTroveID-270834"
270119,"17-577
20180282
213352
3000-02-001
JASPER
Lung 3000-02-001
Lung 3000-02-01
NCI-2017-02466
NCT03308942
RSH_KCHO_3000-02-001
TrialTroveID-270119"
269901,"17-C-0012
9914
NCI-2015-02125
NCT02631733
TrialTroveID-269901"
269670,"9896
NCI-2015-02063
NCT02627430
TrialTroveID-269670"
269482,"2015/8463
912008
EudraCT Number: 2015-002816-34
NCT02624973
PETREMAC
TrialTroveID-269482"
268162,"160107
16-C-0107
NCI-16-C-0107
NCI-2016-00748
NCT02769962
TrialTroveID-268162"
267813,TrialTroveID-267813
266891,"15-222
AToM
D6500C00001
EudraCT Number: 2015-002572-25
IRAS ID: 185024
NCI-2017-02182
NCT02588105
REec-2016-2030
TrialTroveID-266891"
266195,"CTR20131369
HR-FZPL-I-AST-TOL/ PK
HR-FZPL-I-AST-TOL/PK
NCT02575651
TrialTroveID-266195"
266161,"1508016363
16-314
NCI-2016-00922
NCT02576444
OLAPCO
TrialTroveID-266161
VICCMD1672"
265970,"2014/2204
AC-15-058-R
CSET 2014/2204
CSET2014/2204_PIPSeN
EudraCT Number: 2014-005586-75
IGR 2204
NCT02679963
PIPSeN
RD12 / 0036/0025
TrialTroveID-265970"
265826,"19479
INST 1419
NCI-2016-00434
NCT02571725
TrialTroveID-265826"
265634,"9942
NCI-2015-01641
NCT02567396
PJC-022
TrialTroveID-265634"
265281,"D081EC00001
NCT02561832
TrialTroveID-265281"
264527,"16-1579
AAAQ4008
AZ-D2615C00001-GU118
BISCAY
CANC 5232
CR1722AZ
D2615C00001
EudraCT Number: 2015-002228-25
GU 118
GUTBISCAY
IRAS ID: 184374
J1604
NCI-2016-01122
NCT02546661
S15-00877
TrialTroveID-264527"
263877,"15-x279
NCT02537561
TrialTroveID-263877"
263753,"EudraCT Number: 2014-005095-28
IGG-02
IRST 186.02
IRST186.02
NCT02533765
TrialTroveID-263753"
263173,"EudraCT Number: 2015-001141-80
NCT02684318
POLA
POLA/ACOG1401
TrialTroveID-263173"
263101,"673-203
EudraCT Number: 2014-004011-37
IRAS ID: 0179493
IRAS ID: 179493
REec-2015-1676
TrialTroveID-263101"
263096,"CRUK/12/034
EudraCT Number: 2014-003319-12
ICR-CTSU-2014-10046
IRAS ID: 154300
ISRCTN92154110
MREC N° 14/LO/2181
RIO
TrialTroveID-263096
UKCRN ID: 18804"
262755,"CCR4309
EudraCT Number: 2015-001605-14
IRAS ID: 179415
OPERa
TrialTroveID-262755"
262268,"NCT02511223
SHEBA-14-2358-TG-CTIL
TrialTroveID-262268"
261985,"EudraCT Number: 2015-001156-30
MedOPP044
NCT02506816
Polen
TrialTroveID-261985"
261913,"EudraCT number: 2015-000580-14
GMP 06 RUBY
GMP 06- RUBY
NCT02505048
RECF2816
RUBY
TrialTroveID-261913
UC 0105-1501 _RUBY
UC-0105/1501"
261874,"C-PATROL
D0816R00009
DRKS00010737
NCT02503436
TrialTroveID-261874"
261712,"GU14-202
HCRN GU14-202
NCT02500901
TrialTroveID-261712"
261338,"1604017576
18-714
18844
9881
LAO-CT018
NCI 9881
NCI-2015-01097
NCI9881
NCT02498613
PJC-022 / NCI 9881
TrialTroveID-261338
VICCPHI1671"
260831,"EudraCT Number: 2016-002573-35
NCT02489006
NEO
OZM-058
OZM-058 (ESR-ISS22810093)
SMS-0410
TrialTroveID-260831"
260654,"150145
15-C-0145
NCI-2015-01401
NCI-2018-02725
NCT02484404
P141726
TrialTroveID-260654"
260512,"M14-488
NCT02483104
TrialTroveID-260512"
260201,"AGO-OVAR 20
ENGOT-ov25
EudraCT Number: 2014-004027-52
GINECO-OV125b
GINECO-ov125b/GEICO-1503
NCT02477644
PAOLA
PAOLA-1
PAOLA-1/ ENGOT-OV25
TrialTroveID-260201
UMIN000019560"
260119,"D0816C00012
EudraCT Number: 2015-000734-30
IRAS ID: 177196
NCT02476968
ORZORA
REec-2015-1634
TrialTroveID-260119"
259989,"EudraCT Number: 2014-002011-41
NCT02476552
NL49915.031.14
PR-30-5015-C
TrialTroveID-259989"
259565,"15-004488
15-1070
15-18433
201505502
20150649
EudraCT Number: 2014-005070-11
GOG3005
GOG-3005
M13-694
M13-694/GOG 3005
NCI-2015-01623
NCT02470585
TrialTroveID-259565
VELIA
VELIA/GOG-3005"
258529,"15-550
2016-046
20160513
3000-PN162-01-001
CTMS# 16-0046
KEYNOTE-162
NCI-2016-00219
NCT02657889
REFMAL 424
TOPACIO
TrialTroveID-258529"
257649,"15-121
NCI-2015-01724
NCT02446704
TrialTroveID-257649"
256727,"CTR20150301
D081BC00002
NCT02430311
TrialTroveID-256727"
254540,"BRS0050
NCI-2015-00036
NCT02401347
TBB
TrialTroveID-254540"
254391,"CRUKD/14/008
EudraCT number: 2014-002074-37
IRAS ID: 159690
ISRCTN10361292
MREC N° 15/SS/0011
PIONEER
PIONEER-2014
TrialTroveID-254391
UKCRN ID 18651"
254355,"EudraCT Number: 2013-003638-33
NCT02398058
T.O.M.A.S. TRIAL
TOMAS
TOMAS trial
TrialTroveID-254355"
253998,"D0816C00009
NCT02392676
TrialTroveID-253998"
253996,"BMNIRN
NCI-2015-00215
NCI-2015-00255
NCT02392793
TrialTroveID-253996"
252646,"EudraCT Number: 2013-005590-41
M14REV
NCT02418624
NL50610.031.14
REVIVAL
TrialTroveID-252646"
252552,"17-208
2016-0039
20170073
213359
95463
C-258
ENGOT-ov 26
ENGOT-ov26
ENGOT-OV26
EudraCT Number: 2015-000952-11
GEICO 1509
GOG 3012
GOG-3012
NCI-2016-00574
NCT02655016
OSU-16068
PR-30-5017-C
PRIMA
Tessaro PR-30-5017-C PRIMA
TrialTroveID-252552"
252524,"CTR20180888
NCT03516084
TrialTroveID-252524
ZL-2306-005"
251862,"130847
14955
CC #14955
NCI-2015-00713
NCT02358200
TrialTroveID-251862"
251559,"16-250
AVANOVA
AVANOVA1
AVANOVA2
ENGOT-ov24 - AVANOVA: NSGO
ENGOT-ov24-NSGO
ENGOT-OV24-NSGO/AVANOVA
EudraCT Number: 2014-004269-26
NCT02354131
NSGO AVANOVA1/ENGOT-OV24
NSGO-AVANOVA2/ENGOT-ov24
TrialTroveID-251559"
251034,"16-700
18844
9825
NCI-2015-00051
NCT02345265
OSU-15296
TrialTroveID-251034"
250601,"e-Volve
NCT02340611
TrialTroveID-250601"
250265,"00062414
15-141
18189
NCI-2015-01245
NCT02354586
PR-30-5020-C
QUADRA
TrialTroveID-250265"
249612,"150050
15-C-0050
NCI-15-C-0050
NCT02326844
TrialTroveID-249612"
249326,"CTMS# 14-2024
NCT02396433
TrialTroveID-249326"
249225,"14899
CaNCaP03
EudraCT Number: 2014-004417-86
IRAS ID:166367
NCT02324998
TrialTroveID-249225"
248774,"051513
9782
NCI 9782
NCI-2014-02474
NCI9782
NCT02317874
TrialTroveID-248774"
243333,"2014-0474
NCI-2014-02608
NCT02316834
POSITION
TrialTroveID-243333"
226146,"GOG0076HH
GOG-0076HH
NCI-2011-02661
NCT01281852
TrialTroveID-226146"
226015,"GOG0127W
GOG-0127W
GOG-0127W_2010-12-14
NCI-2011-02659
NCT01266447
TrialTroveID-226015"
222166,"CRUK/D/14/011
EudraCT Number: 2014-002525-35
IRAS ID: 163223
NCT02308072
ORCA-2
TrialTroveID-222166
UCL/13/0696
UKCRN ID: 18048"
222063,"15/36
CT734
EudraCT Number: 2014-002866-65
IRAS ID: 161809
M14-217
NCT02305758
REec-2015-1323
TrialTroveID-222063"
221968,"EudraCT number: 2011-005278-46
NL39007.031.11
TrialTroveID-221968"
221349,"(UCBG- 0105/1304)
CSET 2099
EudraCT Number: 2013-001652-36
NCT02299999
RECF3026
SAFIR02
SAFIR02 BREAST
SAFIR02_Breast
TrialTroveID-221349
UC-0105/1304
UCBG UC-0105/1304"
220659,"00056953
2014-0998
DRUG M14-361
E2511
EudraCT Number: 2014-001764-35
M14-361
NCI-2015-00490
NCT02289690
NL50299.042.14
RECF3356
TrialTroveID-220659"
220424,"2013-0961
NCI-2014-02494
NCT02286687
TrialTroveID-220424"
220130,"15-111
2015-066
D0816C00010
EudraCT Number: 2014-003438-20
GYN1501 - SOLO 3
MOH_2017-03-01_000173
NCI-2015-01077
NCT02282020
OSU-14261
SOLO3
SOLO-3
TrialTroveID-220130
VICCGYN1518"
220088,"2014-0045
MDACC 2014-0045
NCI-2015-00335
NCT02282345
TrialTroveID-220088"
219558,TrialTroveID-219558
218886,"JP-NC-P1-14
NCT02396069
TrialTroveID-218886"
218882,"14.1010
201408128
EudraCT Number: 2014-002565-30
IRAS ID 162696
M14-359
NCI-2014-02249
NCT02264990
NL50469.060.14
REec-2015-1330
STU 082014-070
TrialTroveID-218882
VELA"
218464,"C15-050TRAVEL
EudraCT Number: 2014-003785-24
TrialTroveID-218464"
216549,"16-715
COCOS
GY005
GY005-NCT02502266
GYN 9814
jRCT2031190097
KCT0004526
N 33516
NCI-2015-00651
NCT02502266
NRG OV1405
NRG-GY005
OVC2
OVM1405
S16-01681
TrialTroveID-216549"
216102,"EudraCT Number: 2011-002963-79
N13ORH
NCT02229656
NL38482.031.13
TrialTroveID-216102"
215631,"EudraCT Number: 2011-001586-40
N13ORB
NCT02227082
NL36278.031.13
TrialTroveID-215631"
214238,"M14-489
NCT02210663
TrialTroveID-214238"
214130,"2013-0784
NCI-2014-01973
NCT02208375
TrialTroveID-214130"
213474,"14/LO/0103
CCR4058
ComPAKT
CRUKD/14/004
EudraCT number: 2013-004692-13
IRAS ID 141317
NCT02338622
TrialTroveID-213474
UKCRN ID 16550"
212698,"0499-14-RMC
13023
15-191
15-293
2015-0690
20170360
217674
ACC #15-05
CANC - 3716 POLO1
D081FC00001
D081FC00001-POLO
EudraCT Number: 2014-001589-85
G1212
IRAS ID: 158949
J14127
NCI-2015-00038
NCT02184195
NL50342.028.14
OSU-14281
POLO
POLO-1 AZ
REec-2014-1234
S17-00201
TrialTroveID-212698
UCI-14-71
UKCRN ID 17387"
212500,"BGB-290-AU-002
EudraCT Number: 2017-003646-25
NCT02361723
TrialTroveID-212500"
211111,"CRUK/13/034
EudraCT Number: 2014-001216-19
GN13ON355
IRAS ID: 149204
ISRCTN52658296
MREC N° 14/WS/1096
PARADIGM
TrialTroveID-211111
UKCRN ID  18137"
210637,"000504723
F131219003
F131219003 (UAB 1372)
NCI-2014-02253
NCI-2015-00265
NCT02158507
TrialTroveID-210637
UAB1372"
210155,"20150030
A071102
A071102-CIRB
ALLIANCE A071102
ALLIANCEA071102-NO
CALGB-A071102
CBRT-15027
Clinical Trial 18308
CTSU/A071102
NCI-2014-00616
NCT02152982
STU 032015-081
TrialTroveID-210155"
209801,"EudraCT Number: 2014-002014-22
ONK-MAP/AZD2281-01
TrialTroveID-209801"
208552,"16-2008
95172 (S1416)
N 32716
NCI-2015-01912
NCT02595905
PCRC_S1416
S1416
S1416-CIRB
SWOG 1416
SWOG S1416
TrialTroveID-208552"
208474,"NCI-2015-02248
NCT02890355
S1513
SWOG S1513
TrialTroveID-208474"
208141,"EudraCT Number: 2013-003469-32
IRAS ID: 139201
MREC N° 14/LO/1564
NCT02127151
PANDA
TrialTroveID-208141
UCL/13/0045
UKCRN ID 17347"
207589,"10-220
NCI-2014-01020
NCT02121990
TrialTroveID-207589"
206581,"14.0258
14-ABV-1
Abbvie-089 Lung
EudraCT Number: 2013-005020-42
F14167
IRAS ID 150889
M11089
M11-089
NCI-2014-01448
NCRN - 2974
NCRN - 2974 VESTA
NCT02106546
NL47784.060.14
PSHCI-14-030
REec-2014-1041
S-20140059
STU 052014-074
TrialTroveID-206581
UKCRN ID: 16393
USO 13232
VESTA (M11-089)"
206154,"20150031
BRE12-158
HCRN BRE 12-158
HCRN-BRE12-158
NCI-2015-00307
NCT02101385
STU00098383
TrialTroveID-206154"
205315,"2014-000542-29
D081CC00001
IRAS ID: 154402
NCT02093351
NL49401.029.14
TrialTroveID-205315"
205254,TrialTroveID-205254
204683,"GOG 213-R
OVM1402
TrialTroveID-204683"
204623,"OVM1307
TrialTroveID-204623"
203957,"16092608
16-132
201604113
2016-069CIRB
CGYO-16023
DFCI ID: 16-706
GY004
GYN 9813
N 33416
NCI-2015-00606
NCT02446600
NRG GY004
NRG-GY004
OSU-15296
OVC1
OVM1403
s16-01480
TrialTroveID-203957
UMIN000026475"
201713,"NCI-2014-00048
NCT02049593
TrialTroveID-201713
TRIO-US GI-07"
201275,"12212
14-C-0129
CRUKDE/14/021
CRUKDE/14/021 ESPRIT
ESP1/SARC025
ESPRIT
ESPRIT ESP1/SARC025
EudraCT Number: 2014-005541-50
IRAS ID:146695
NCI-2015-01135
NCT02044120
SC-6015
TrialTroveID-201275"
201000,"2014-0151
CO-338-023
NCT02042378
RUCAPANC
TrialTroveID-201000"
200648,"14-253
14759
2014-0221
20140527
673-201
ABRAZO
BioMarin 201
C3441008
EudraCT Number: 2013-003076-12
GEICAM/2014-04
IRAS ID: 151253
J1440
NCI-2014-01246
NCT02034916
RECF2395
REec-2014-1068
TrialTroveID-200648
TRIO 024_ABRAZO
UKCRN ID: 17303"
200570,"EudraCT Number: 2013-003137-16
M14-144
NCT02033551
NL46475.042.13
TrialTroveID-200570"
200505,"041312
1311863574
1379GCC
69027
AAAP5501
AbbVie M14-011
Abbvie M14-011 (BRIGHTNESS)
BRIGHTNESS
CT665
EudraCT Number: 2013-002377-21
IRAS ID: 149700
M14-011
M14-011ABBVIE
MCC-17830
MP-20-2016-2404
NCI-2014-00367
NCT02032277
NL48946.029.14
NSABP B-56
NSABP-B-56-I
OSU-15152
RECF2384
REec-2014-1159
TrialTroveID-200505
USO 12152
UW14040"
199021,"EudraCT Number: 2013-002028-18
M12-020
NCT02009631
NL46329.042.13
TrialTroveID-199021"
198766,"00057165
14.1077
1407538042
14203
15-17857
17908
AAAO0305
BRC6
C-163
CTSU S1400
ECOG-ACRIN S1400
Lung-MAP
Master Lung-1
NCG 260614
NCI-2014-00627
NCI-CIRB-SWOG-S1400
NCT02154490
S1400
S1400A
S1400B
S1400C
S1400D
S1400E
S1400F
S1400G
S1400I
S1400K
SWOG S1400
SWOG1400
SWOGS1400
TrialTroveID-198766"
198365,"14-142
14-157
14-Aze-2
2014-1179
CTR20140906
D0819C00003
D0819C00003 OLYMPIAD
EudraCT Number: 2013-005137-20
H-32902
IRAS ID: 148426
JapicCTI-142527
NCI-2014-01625
NCRN - 2802
NCT02000622
OlympiAD
PER-033-14
RECF2463
REec-2014-0897
TrialTroveID-198365
UKCRN: 16109"
197774,"09-25-0099
140015
14-C-0015
9510
NCI-14-C-0015
NCI-2013-02371
NCT01989546
P131220
P9510_A08PAMDREVW01
TrialTroveID-197774"
197179,"JP-NC-P1-13
KCT0000936
NCT01983358
TrialTroveID-197179"
194260,"2014CG036
AAAN6705
ADVL1411
COG ADVL1411
COG ADVL1411 19469
NCI-2014-00804
NCT02116777
TrialTroveID-194260
U01CA097452"
192944,"D0816C00008
EudraCT Number: 2013-002969-19
NCT01929603
NL46174.068.13
TrialTroveID-192944"
192883,"ACTRN12613000924752
ANZ 1103
ANZ 1103 (SOLACE)
NC91
SOLACE
TrialTroveID-192883"
192253,"CTR20140637
D081BC00004
GOLD
JapicCTI-132389
NCT01924533
TrialTroveID-192253"
192073,"D0816C00004
EudraCT Number: 2013-001891-39
IRAS ID: 131419
NCT01921140
NL45021.068.13
TrialTroveID-192073"
191048,"CSMC IIT VelGemRad
IIS-ABT888-0002
IIT2012-06-TULI-VELGEMRAD
NCT01908478
TrialTroveID-191048
VelGemRad"
190476,"D0816C00007
EudraCT Number: 2013-001892-18
NCT01900028
NL45022.068.13
TrialTroveID-190476"
190378,"00061408
12373
15-009
16080
20140905
3722
ABCSG 41
ANZ 1404/BIG 6-13/AstraZeneca D081CC00006
B-55
B-55/BIG 6-13
BIG 6-13
BRE160
CANC - 3490 OLYMPIA
CTBE2015000294
CTBE2016000334
CTR20140905
CTSU/ NSABP B-55
D081CC00006
DRKS00006235
EORTC-1324-BCG
EudraCT Number: 2013-003839-30
IBCSG 50-14 OLYMPIA
IEO 165
IRAS ID: 145475
JapicCTI-142604
MA.36 (D081CC00006)
MA36
NCI-2014-00644
NCT02032823
NCTNB55
NL48725.058.14
NRG B-55
NSABP 9609 NRG
NSABP B-55
NSABP B-55/BIG 6-13
NSABP B-55-CIRB
NSABP-B55
NSABP-B-55
NSABP-B-55/ ALLIANCE 9609
NSABP-B-55/BIG6-13
Olympia
OlympiA
RECF2509
REec-2014-1053
S15-00152
TrialTroveID-190378
UKCRN ID 17117"
190296,"D081EC00005
Neo-Olympia
TrialTroveID-190296"
190215,"D0816C00005
EudraCT Number: 2013-002246-37
IRAS ID: 137818
NCT01894243
NL45320.068.13
TrialTroveID-190215"
190197,"137815
D0816C00006
D0816C0006
EudraCT Number: 2013-002225-30
NCT01894256
NL45346.068.13
TrialTroveID-190197"
190162,"1361
AZ D081DC00008
D081DC00008
EudraCT Number: 2013-003520-37
IRAS ID: 141905
NCRN - 3012
NCT01972217
NL49745.068.14
REec-2014-0948
Study 8
TrialTroveID-190162
UKCRN ID 16081
UVA97934"
188269,"AGO-OVAR 2.23/ENGOT-Ov21
CTR20150026
D0816C00002
ENGOT-Ov21
EudraCT Number: 2013-001211-75
IRAS ID 133266
JapicCTI-132359
NCI-2014-00976
NCRN - 2427
NCT01874353
NL45018.031.13
OSTRIA 2
REec-2014-0814
SOLO 2
SOLO2
SOLO-2
SOLO2/ENGOT-ov21
TrialTroveID-188269
UKCRN ID: 15030"
187770,"147510
20130570
2013-0728
673-301
bmn 673-301
BRE 237
C3441009
CTBE2015000302
DRKS00010828
EMBRACA
EMBRACA Study
EudraCT Number: 2013-002716-28
GEICAM/2013-07
ICORG 14-04
NCI-2014-00659
NCT01945775
REec-2014-0891
S14-00495
TrialTroveID-187770
TRIO 023
TRIO 023_EMBRACA
U1111-1155-7579"
186961,"13-115
NCI-2013-01821
NCT01858168
TrialTroveID-186961"
186426,"051207
20121952
M13-695
NCT01853306
TrialTroveID-186426"
186341,"D081AC00001
EudraCT no: 2013-001255-13
NCT01851265
NL44481.068.13
TrialTroveID-186341"
185397,"01905592
117580
1307-BCG
13445
17-114
1B-13-11
1B-13-11
2014-02 BRAVO
213551
BIG5-13
BRAVO
BRE 236 IST
EORTC-1307-BCG
EudraCT Number: 2013-000684-85
GEICAM/2013-05
IRAS ID 137994
NCI-2014-00678
NCRN - 2787
NCT01905592
NL47280.028.13
PR-30-5010-C
PTESARO002
REec-2014-0846
TESARO PR-30-5010-C
TrialTroveID-185397
UKCRN: 15877
USO 13112
VICCBRE1391"
184662,"NSABP 8708
NSABP B-48
TrialTroveID-184662"
184602,"14-067
2013-0208
ARIEL3
CO-338-014
CTBE2015000293
EudraCT Number: 2013-000518-39
IRAS ID: 140185
NCI-2014-00430
NCRN-2746/ARIEL 3
NCT01968213
REec-2014-0803
TrialTroveID-184602
UKCRN ID 15840"
184598,"13-255
13-496
2013-0207
20150508
ARIEL2
ARIEL-2
CO-338-017
EudraCT Number: 2013-000517-20
GOTARIEL2
IRAS ID: 132240
J1395
NCRN - 2434
NCT01891344
REec-2014-0807
TrialTroveID-184598
UKCRN ID: 15303"
184489,"GOG DTM0929
TrialTroveID-184489"
184482,"130105
13-C-0105
9149
MPACT
M-PACT
NCI-13-C-0105
NCI-2013-01588
NCI-MPACT
NCT01827384
P121047
TrialTroveID-184482"
183877,"12G.376
2012001
2012-47
2997
NCI-2013-00594
NCT01818063
TrialTroveID-183877"
183572,"D081BC00001
JapicCTI-132109
NCT01813474
TrialTroveID-183572"
181922,"13008
13-333
AGO-Ovar 2.22 Tesaro Nova
BGOG-ov14
ENGOT-OV16/NOVA
EudraCT Number: 2013-000685-11
GYN 40- IST
IRAS ID: 134646
NCI-2013-02221
NCRN - 2489
NCT01847274
NOVA
PR-30-5011C
PR-30-5011-C
PR-30-5011-C
PR-30-5011-C GYN 40
RECF2227
REec-2013-0592
TrialTroveID-181922
UCI-13-42
UKCRN ID:15097"
181871,"2012/VCC/0037
CRUK/11/055
EudraCT Number: 2012-003383-51
IRAS ID 110624
ISRCTN42518913
LUN103
MREC N° 13/WA/0117
NCRN-15521
NCT01788332
PIN
TrialTroveID-181871
UKCRN ID: 15521"
181363,"673-103
NCT01776437
TrialTroveID-181363"
181298,TrialTroveID-181298
179215,"9182
J1326
MC1114
NCI-2012-02767
NCT01749397
TrialTroveID-179215"
178791,"TrialTroveID-178791
UMIN000009498
UMIN000018721"
178090,"NCT02008084
PNAI-MNA-03
TrialTroveID-178090"
176401,"A091101
CALGB A091101
NCI-2012-02009
NCT01711541
TrialTroveID-176401"
174901,"EudraCT Number: 2012-001661-32
NCT01690598
TrialTroveID-174901
VeTo"
172804,"11-170
NCT01661868
TrialTroveID-172804"
172435,"13-051
20120399
2N-12-4
ABBT1512
ACTRN12612001245886
EudraCT Number: 2011-003618-18
M10-897
NCT01657799
PABBOTT009/12-035
STU 052012-050
TrialTroveID-172435
UPCC: 27312"
171984,"CRC 11114
ISS22810034
NCT01650376
TrialTroveID-171984"
171904,"3592
CRUK/11/029
CR-UK/11/029
CRUK/C12540/A12354
EudraCT Number: 2011-000601-49
ICR-CTSU/2011/10030
IRAS ID: 76882
ISRCTN15124653
ISS22810018
MREC N° 11/LO/2019
NCT01682772
TOPARP
TOPARP-A
TOPARP-B
TrialTroveID-171904
UKCRN 12313"
171535,"11-1658
11-1658.cc
ISS22810031
NCI-2012-02945
NCT01644266
NCT01758731
TrialTroveID-171535"
171478,"051206
17105 ECOG-ACRIN E2511
20130909
CDR0000736704
E2511
ECOG E2511
ECOG-ACRIN E2511
ECOG-E2511
NCI-2012-01985
NCT01642251
PSHCI-12-097
STU 102012-035
TrialTroveID-171478"
170773,"12-021
2012-0216
201311115
9026
J11165
MSKCC1512
NCI#9026
NCI-2012-01130
NCI9026
NCT01638546
TrialTroveID-170773"
170234,"12-159
2012-0681
CBKM120ZUS32T
ISS22810064
MSKCC 12-233
NCI-2012-01929
NCT01623349
PRO038B9
TrialTroveID-170234"
169972,"JapicCTI-121838
M12-629
NCT01617928
TrialTroveID-169972"
169641,"J11155
NCT01618357
TrialTroveID-169641"
169627,"E7449-E044-101
EudraCT Number: 2011-001959-37
IRAS ID: 82840
NCRN2712
NCRN378a
NCT01618136
PACT: E7449
TrialTroveID-169627
UKCRN ID 12809"
168288,"E7016-A001-201
NCT01605162
TrialTroveID-168288"
167259,"12-383
EudraCT Number: 2011-006246-33
LTS12674
NCT01593228
TrialTroveID-167259
U1111-1127-0888"
166853,"CO12203
CT542
M12-950
M12-950 14544
NCT01589419
TrialTroveID-166853
VICCGI1214"
166595,"8993
CDR0000732189
CTEP # 8993
HUM00078659
IRB#12-045
MSKCC-12-045
MSKCC12045-PT1
NCI-2012-00864
NCT01585805
PHL-089 / NCI 8993
TrialTroveID-166595"
166438,"11-470
NCT01583543
TrialTroveID-166438"
165716,"081209
12-0109
12-0109
12284
2012-1038
7847
9012
CDR0000730114
J12103
N01CM00071
NCI 9012
NCI/CTEP 9012
NCI-2012-01149
NCI-2012-01919
NCI9012
NCT01576172
PHII-123
TrialTroveID-165716
UCCRC-IL057
UMCC 2012.022"
164519,"EudraCT Number: 2011-001289-16
N11ORL
NCT01562210
NL35195.031.11
TrialTroveID-164519"
164458,"12-0302
14.0258
2011-162
EudraCT Number: 2011-003427-36
M10-898
NCT01560104
PABBOTT008
TrialTroveID-164458"
164088,"EudraCT Number: 2011-003772-36
NCT01551680
RAPIBE
RECF1790
TrialTroveID-164088
VA2011/21"
160805,"014/012/ICI CEI/902/14
EudraCT Number: 2010-024178-21
GECP10/03/GOAL
GECP10-03
GECP-GOAL
GOAL
NCT01513174
TrialTroveID-160805"
160027,"00035751
12-176
12-C-0213
C9073
NCI-12-C-0213
NCI-2012-00082
NCT01507324
NCT01514201
P12978
PBTC-033
PBTC33
TrialTroveID-160027"
160004,"00032731
12-122
201110186
BROCADE
CT517
CTBE2013000192
DFCI 12-084
EudraCT Number: 2011-002913-12
HCI 52056
J11110
M12-895
MCC 16909
McG 1211
MSKCC 12-122
MUSC 101675
NCT01506609
NL43591.078.13
REec-2013-0357
STU 092011-060
TrialTroveID-160004"
158919,"E24055
MM11-01
NCT01495351
TrialTroveID-158919"
157243,"2012-0399
MDACC 2012-0399
MSKCC 12-215
NCT01477489
TBCRC 024
TBCRC24-A
TrialTroveID-157243
UMCC 2011.087"
157055,"EudraCT Number: 2011-002099-18
NCT01472783
S-20110097
TrialTroveID-157055
Veli-BRCA"
156421,"CRUKD/11/002
EUDRACT no: 2010-023599-24
ISRCTN62346992
MREC N°: 11/LO/1618
NCT01491139
ORCA
TrialTroveID-156421
UCL/10/0255
UKCRN ID: 11024"
155653,"11-0697
G9927
GOG 9927
GOG-9927
MSKCC 12-197
NCI-2011-01977
NCT01459380
TrialTroveID-155653
U10CA027469"
155607,"10_DOG03_194
CPMS ID: 13571
CRUKD/11/012
Eudract Number: 2011-002882-39
IRAS ID: 72753
NCT01460888
ROCOCO
TrialTroveID-155607
UKCRN 13571"
155368,"NCT01455532
TED11746
TrialTroveID-155368
U1111-1118-6091"
152944,"11-144
8484
DFCI-11-144
NCI 8484
NCI-2011-03458
NCT01434316
TrialTroveID-152944"
151507,"N1141
TrialTroveID-151507"
150744,TrialTroveID-150744
149733,"10482
BR21
CDR0000702605
CR0901-11
CRUK-CR0901-11
CRUKD/11/006
EUDRACT Number: 2010-018615-15
IRAS ID 67696
ISRCTN47380065
MREC N°11/AL/0213
NCT01390571
ON/4041
OPARATIC
TrialTroveID-149733
UKCRN ID10482"
149723,"20110958
C3441022
EudraCT Number: 2010-023964-42
HO11420
NCT01399840
PRP-002
TrialTroveID-149723
UW11003"
149555,"12-048
CO-338
CO-338-010
EudraCT Number: 2011-004250-26
IRAS ID 95258
NCRN365
NCT01482715
REFMAL 259 IST
Study 10
TrialTroveID-149555"
148376,TrialTroveID-148376
147570,"051404
110215
11-118
11-C-0215
1B-10-5
2011-082
8808
CO11902
J1137
MSKCC 11-118
NCI-2011-02500
NCI8808
NCT01366144
NCT01419548
PHI-65
TrialTroveID-147570
UPCI 10-115
UPCI-10-115"
147432,"15-031
8811
AFT-07
CHNMC-PHII-111
EudraCT Number: 2016-001659-32
HSC20130133H
M14-360
NCI 8811
NCI-2011-02592
NCI-2015-00710
NCT01386385
NCT02412371
PHII-111
S1206
S1206 (8811)
SWOG 1206
SWOG S1206
SWOGS1206
SWOG-S1206
TrialTroveID-147432"
147124,"2009-608
LCCC 2009-608
NCI-2013-00656
NCT01489865
TrialTroveID-147124"
146287,"11-01501
11-02-068
8853
AECM-11-02-068
NCI#8853
NCI-2011-02590
NCI8853
NCT01351909
P8853
P8853_A18PAMDREVW01
TrialTroveID-146287"
145392,"Abbott M10-976
EMC 10-389
Eudract number: 2010-020795-37
M10-976
NCT01339650
NL33609.078.10
TrialTroveID-145392"
144408,"10-174
8818
MSKCC-10174
NCI-2011-02583
NCT01326702
TrialTroveID-144408"
143991,"DTM1106
TrialTroveID-143991"
143685,TrialTroveID-143685
143620,"12-103
CDR0000726699
DTM1113
GOG-0280
NCI-2012-00684
NCT01540565
S12-02446
TrialTroveID-143620"
143446,"201102468
C9722/2051
EudraCT Number: 2010-023657-12
NCT01311713
TrialTroveID-143446"
143419,"DTM1101
TrialTroveID-143419"
143409,"EudraCT no: 2010-023399-16
GBG 63: INCA
TrialTroveID-143409"
142837,"0S-11-4 PhII-118
110080
11-C-0080
2011-0466
8788
CTEP #8788
NCT01306032
P2C 8788
TrialTroveID-142837"
142509,"AAAJ4459
J1070
NA_00032826
NCT01296763
RC2CA148346-01
TrialTroveID-142509"
142204,"BPSI-1479
NCT01809301
TrialTroveID-142204"
142166,"2010-0856
4827-014
MK-4827-014
MK-4827-014 AM1
NCT01294735
TrialTroveID-142166"
141552,"2010-023619-32
NCT01287650
TCD11747
TrialTroveID-141552"
141334,"8632
NCI 8632
NCI-2011-02576
NCT01282333
PCI-10-037
PSHCI-11-024
TrialTroveID-141334
UPCI-10-037"
141207,"09-084
8620
BELANINCI7967
NCI-2011-02490
NCT01281150
PCI-09-084
PSHCI-11-014
TrialTroveID-141207"
139795,"1172GCC
8813
J1097
NA_00043143
NCI 8813
NCI-2011-00382
NCI-2012-02913
NCT01264432
TrialTroveID-139795"
139071,"2010-023618-30
NCT01287676
TCD11756
TrialTroveID-139071"
139070,TrialTroveID-139070
138944,"8609
CDR0000688990
NCI 8609
NCI-2011-02552
NCT01251874
OSU-10080
TrialTroveID-138944"
138462,"D3660C00001
NCT01247168
REFMAL 214
TrialTroveID-138462"
138172,"2010-0575
MK-4827-002
NCT01244009
TrialTroveID-138172"
137627,"110022
11-C-0022
NCI-11-C-0022
NCT01237067
TrialTroveID-137627"
137347,"8604
CO10903
NCI-2011-02543
NCT01233505
TrialTroveID-137347
WCCC-CO-10903"
137105,"1107006397
2012-0793
C3441007
EudraCT Number: 2010-023062-40
NCT01286987
PRP-001
TrialTroveID-137105"
136994,"00054924
041403
14117
14-ABV-2
17835
201405137
2014-0619
32185
ACC #15-12
BROCADE 3
BROCADE III
BROCADE M12-914
BROCADE3
Brocade-3 M12-914
CRUK 13041
CT707
end_M12-914 BRoCAde
EudraCT Number: 2014-000345-70
H00005984
IRAS ID: 52549
J1441
M12-914
MCC-17835
MCG 1428
NCI-2014-01442
NCT02163694
NL48835.078.14
REec-2014-1104
S1416
SWOG 1416
TrialTroveID-136994"
136870,"MK-4827-011
NCT01227941
TrialTroveID-136870"
136744,"MK-4827-005
NCT01226901
TrialTroveID-136744"
135782,"NCT01213381
TED11451
TrialTroveID-135782
U1111-1117-3152"
135043,"CSET 1655
EudraCT 2010-018960-17
NCT01204125
RECF1419
SOLTI NEOPARP
SOLTI NEOPARP TCD11419 A
TCD11419
TrialTroveID-135043"
134666,"M11-846
NCT01199224
TrialTroveID-134666"
134613,"CRUK/10/037
EudraCT Number: 2010-021165-76
ISRCTN73164486
LU2006
LUN092
MREC N°11/YH/0290
STOMP
TrialTroveID-134613
UKCRN 10873"
134222,"EXT-M11-846
M12-273
NCT01193140
TrialTroveID-134222"
133871,"14-036
CTR20140831
D0818C00001
D0818C00001/GOG-3004
EudraCT Number: 2013-001551-13
GOG-3004
H13211
JapicCTI-132360
NCI-2013-01951
NCRN - 2371 / SOLO1
NCT01844986
NL44290.031.13
OSTRIA1
REec-2013-0489
s14-01079
SOLO1
SOLO-1
STU 102013-017
TrialTroveID-133871
UKCRN ID: 15024"
133122,"2009-268
NCT01205828
TrialTroveID-133122"
132393,"BSITP_R_05219
EudraCT Number: 2010-023400-28
GEICAM 2010-02
INIPA_R_05219
TrialTroveID-132393"
131876,"C9722/1092
CSET 1731
EudraCT Number: 2010-023658-36
NCT01345357
RECF1661
TrialTroveID-131876"
131201,"20100109
BEX11505
NCT01161836
TrialTroveID-131201"
130139,"09-012
8324
NCI 8324
NCI-2011-01473
NCT01154426
PSHCI-10-021
TrialTroveID-130139
UPCI 09-012"
129935,"07211-V00
1B-10-5
2010-0224
8264
CHNMC-PHII-96
NCI 8264
NCI-2011-01379
NCT01149083
PHII-96
PSHCI-10-028
TrialTroveID-129935"
129464,"00-0248
00-0248-08475
10-01206
8475
AAAF2754
AECM-000248
NCI# 8475
NCI-2012-03161
NCT01145430
TrialTroveID-129464"
128866,"8456
GCC 0940
GCC0940
GCC-0940
J1051
JHUJ1051
JHUJ1051
NCI-2011-01457
NCT01139970
TrialTroveID-128866
UCCRC-0940
UMCC-0940"
128097,"00023383
09185
10-060
10-326-B
12316
20100374
2010EAP
BiPar 2010 EAP
BRSMTS0016
EFC11614
NCT01130259
SU-05052010-5863
TrialTroveID-128097
UAB 1013
USO 09-185
USON09185"
127682,"E7016-A001-101
NCT01127178
TrialTroveID-127682"
127210,"00021574
0C-09-8
2010-025
GCRC 1350
HS-10-00117
M10-977
NCT01123876
TrialTroveID-127210
VICCPHI09105"
126733,"09-293
10-283-A
12-C-0081
8348
DFCI 09-293
J11149
NCI-12-C-0081
NCI-2010-01329
NCI-2012-02938
NCI-2013-00578
NCI-8348
NCT01115829
NCT01116648
TrialTroveID-126733
UC10-283
UMCC 2011.108"
126158,"2010_528
2010-0593
4827-008
MK4827-008
MK-4827-008
NCT01110603
TrialTroveID-126158"
125774,"7161
NCI-2010-00356
NCT01104259
TrialTroveID-125774"
125605,"10-057
EudraCT Number: 2009-015082-31
M10-757
MDACC: 2010-0230
NCT01113957
OSU-09129
TrialTroveID-125605"
124413,"EudraCT Number: 2009-017270-21
NCRN144 - TCD11420
NCT01086254
TCD11420
TrialTroveID-124413
UKCRN ID 7977"
124110,"J09151
M11-070
MSKCC 10-082
NCT01085422
SOL-09171-P
TrialTroveID-124110
UMCC 2009.114"
123911,"10346
20090321
20090321/EFC11553
ECLIPSE
EFC11553
EudraCT Number: 2010-019255-22
LUN-201
NCT01082549
NL32530.060.10
RECF1450
Sara Cannon 20090321
TrialTroveID-123911"
123820,"AstraZeneca BV D0810C00041
D0810C00041
EudraCT Number: 2009-015970-36
JapicCTI-101080
NCT01081951
Study 41
TrialTroveID-123820"
123598,"EuDract Number: 2009-015081-61
ISRCTN34386131
MREC N°: 10/H1211/8
NCRI PICCLe
PICLLe
RG_08_160
TrialTroveID-123598
UKCRN ID: 9459"
123571,"D0810C00042
EudraCT Number: 2010-022278-15
NCT01078662
PARP-I study 42
TrialTroveID-123571"
123304,"1011003554
47300
BRE09-146
HOG BRE09-146
NCT01074970
TrialTroveID-123304"
122962,"BGP-15-CLIN-IR04
EudraCT Number: 2009-013328-21
NCT01069965
TrialTroveID-122962"
122436,"D0810C00039
NCT01063517
Study 39
TrialTroveID-122436"
122422,"09-154
09158
09-267-B
20091988
BELANINCI7967
M10-758
NCT01063816
PSHCI-10-028
TrialTroveID-122422
UW09039"
121994,TrialTroveID-121994
121203,"10317
EudraCT Number: 2009-016091-80
NCT01045304
NL30484.078.09
PARP TCD 11418
RECF1338
SANOAVE_ II_2009_004
TCD11418
TrialTroveID-121203"
120942,"01042379
097517
17268
2010-0145
202755051910
7518
ACRIN 6698 (Substudy)
ACRIN-6698
Clinical Trial 17268
CRC 10016
I-SPY 2
I-SPY 2 Trial
I-SPY2
NCI-2014-00596
NCI-2015-00014
NCT01042379
NCT01564368
NCT02830282
STU 052011-089
TrialTroveID-120942
UPCC 16113"
119763,"031006
12-C-0004
AAAJ7909
CHRMS M13-114
CTO: 101482
NCI-12-C-0004
NCT01026493
PSHCI-11-012
R0929
RTOG 0929
RTOG0929
RTOG-0929
TrialTroveID-119763"
119072,"2010-022
8472
NCI-2012-01473
NCT01017640
OSU-09100
TrialTroveID-119072"
118985,"2009-170
NCT01051596
TrialTroveID-118985"
118703,"20090208
DFCI 09-286
NCT01033292
TCD11504
TrialTroveID-118703"
118701,"09-000742
104564 (8329)
8329
MAYO-MC0861
MC0861
NCI-2011-00312
NCT01012817
TrialTroveID-118701"
118700,"20090207
DFCI ID: 09-285
NCT01033123
TCD11503
TrialTroveID-118700"
118399,"09-261
NCT01009788
TrialTroveID-118399"
118370,"09/H0907/83
A4991014
CO-338-1014
EudraCT Number: 2009-013879-22
NCRN135
NCT01009190
RECF1166
SA136
TrialTroveID-118370
UKCRN ID 7737"
117072,TrialTroveID-117072
116615,"09-106
10-14864
10-323-B
12-401
14864
200912727
9923
CC853
G9923
GOG 9923
GOG9923
GOG-9923
NCG 259814
NCI-2011-03730
NCT00989651
NRG-GOG-9923
TrialTroveID-116615"
112958,"00018926
090243
09-C-0243
NCI-09-C-0243
NCI-2012-03177
NCT00946335
NCT00994071
PBTC 027
PBTC-027
TrialTroveID-112958
U01CA081457"
110512,"C9722/1065/PK/FR-UK
CEPHALON C9722
EudraCT number: 2008-006858-18
NCT00920595
RECF1122
TrialTroveID-110512"
109867,"3C-09-1
AGICC 09CRC01
AGICC001
AGICC001 /09-021
AZD9010C00008
D9010C00008
NCT00912743
TrialTroveID-109867
VICCGI0924"
109684,"20090301
BRE 165
EFC11486
NCT00938652
TrialTroveID-109684
UCSF  097512
USON 09008
USOncology09-008"
108104,"(226023) CCRC: PHI-63
050810
08-121
08240
0S-09-1
1309 Phl-63
8282
CINJ-050810
NCI-2011-01472
NCI-8282
NCT00892736
PHI-63
PSHCI-09-006
TrialTroveID-108104
UPCI 08-121"
103727,"MP-124-A01
TrialTroveID-103727"
102894,"D0810L00001
EudraCT Number: 2008-007680-17
NCT00819221
TrialTroveID-0102894"
102426,"20060206
20080206
BRSADJ0015
NCT00813956
PrECOG 0105
SU-09232008-1306
TCD11487
TrialTroveID-102426"
102243,"090048
09-C-0048
0C-08-4
8275
NCI# 8275
NCI-09-C-0048
NCT00810966
NCT01445522
P8437
PHI-62
PSHCI-09-009
TrialTroveID-102243"
101726,"09-0505
201102395
Bio 09-0587-11
EudraCT Number: 2008-004941-27
M10-440
McG 0911
MDACC 2009-0452
NCRN058
NCT00804908
TrialTroveID-101726
UKCRN 6519
VICCMEL0890"
100162,"1093481
D0810C00021
DFCI ID: 08-239
EudraCT Number: 2008-000062-24
NCI-2009-01641
NCT00782574
Study 21
TrialTroveID-100162"
99433,"2008-003697-18
AZ-24 RD2009-63
D0810C00024
NCT00777582
Study 24
TrialTroveID-099433"
97624,"09-024
ACTRN12609000159257
D0810C00019
DFCI 08-275
EudraCT Number: 2008-003439-18
IRAS ID: 4848
NCRN065
NCT00753545
NL27719.031.09
RECF1107
Study 19
TrialTroveID-097624
UKCRN 6518"
97574,"BGP-15-CLIN-IR01
EudraCT Number: 2005-000872-41
TrialTroveID-097574"
97559,TrialTroveID-097559
97112,"2008_501
4827-001
CO08908
MCC#15606
MK-4827-001
MK-4827-001 AM6
MK-4827-001 AM8
NCT00749502
TrialTroveID-097112"
96225,"050803
7998
CDR0000600234
CINJ#050803
CINJ-050803
NCI-2009-00262
NCT00740805
TrialTroveID-096225"
93615,"D0810C00022
NCT00710268
TrialTroveID-093615"
93325,"D0810C00011
EudraCT Number: 2008-002608-25
NCT00707707
NRO EC INS: 128-08
PARP II
Study 11
TrialTroveID-093325"
91102,"Cortria-002
NCT00685737
NCT01930240
PNAI-002
PNAI-MNA-002
TrialTroveID-091102"
90782,"Cortria-001
NCT00519714
NCT00758303
PNAI-MNA-001
TrialTroveID-090782"
90444,"D0810C00020
McG 0828
NCT00679783
TrialTroveID-090444"
88990,"080128
08-C-0128
NCI-08-C-0128
NCT00678132
P07286
TrialTroveID-088990"
87679,"2-003
20070103
GOG 0232C
GOG-0232C
GOG-0232C / BIPAR #20070103
GOG0232C /09-401
MSKCC 08-151
NCT00588744
NCT00687687
TCD11615
TrialTroveID-087679"
87673,"08-044
2-005
20080105
ARD11489
NCT00677079
TrialTroveID-087673"
87669,"(NA_00036553
00022078
10-469-A
2-002e
20100210
DFCI 10-431
LCCC0919
MDACC 2010-0637
NCT01173497
SKCCC J1081
TBCRC 018
TBCRC018
TCD11608
TrialTroveID-087669
VICCBRE1002"
87668,"2-002d
TrialTroveID-087668"
87665,"2-002c
TrialTroveID-087665"
87663,"2-002b
TrialTroveID-087663"
87660,"2-002a
TrialTroveID-087660"
86823,"J07126
J-07126
M10-128
NCT00649207
PABBOTT002
RO07324
TrialTroveID-086823"
86049,"080092
08-C-0092
NCI-08-C-0092
NCI-P07253
NCT00647062
NCT01445418
TrialTroveID-086049"
85563,"D0810C00010
KU36-37
NCT00633269
TrialTroveID-085563"
85125,"08-054
D0810C00012
EudraCT Number: 2007-007622-22
ICEBERG 3
NCT00628251
TrialTroveID-085125"
81663,"7968
J0783
JHOC-J0783
NCI-2009-00259
NCT00588991
TrialTroveID-081663"
81312,"0782GCC
08-121
1410014852
2007-014
7977
GCC0782
HIC 1410014852
HIC1410014852
HP-40036
NCI 7977
NCI-2009-01057
NCT00576654
TrialTroveID-081312
WSU-2007-014"
81004,"D0810C00001
JapicCTI-070502
NCT00572364
TrialTroveID-081004"
79617,"0801
ABBOTT-M10-190
ABTC08-01
ABTC-0801
NABTT0801
NABTT-0801
NCT00770471
TrialTroveID-079617"
79020,"CRUKD/08/042
CRUK-PARP/BRCA
CRUK-PH2/052
CRUK-PH2-052
EU-20842
EudraCT Number: 2006-002348-27
MREC N°07/H0907/103
N0503198086
NCT00664781
PH2/052
TrialTroveID-079020
UKCRN 4034"
77976,"08-015
2-004
20070104
ABTC-0703
MCC 15412
MCC 15412/ABTC 0703
N0703
NABTT 0703
NABTT0703
NABTT-0703
NCT00589576
NCT00687765
TCD11616
TrialTroveID-077976"
76894,"07-015
0C-07-7
7967
BELANINCI7967
COH  07242
NCI-2009-00258
NCI-7967
NCT00535119
PCI-07-015
PHI-61
TrialTroveID-076894
UPCI-07-015"
76525,"07040
20070102
NCT00540358
TCD11485
TrialTroveID-076525
USO 07-040
USON 07040"
74906,"070203
07-C-0203
7981
NCI-07-C-0203
NCT00553189
NCT01445353
P7241
TrialTroveID-074906"
74819,"D0810C00006
KU36-93
NCT00516438
SA122
TrialTroveID-074819"
74813,"09-073
D0810C00005
GI 102 IST
KU36-29
MSKCC 09-073
NCT00515866
TrialTroveID-074813"
74804,"D0810C00004
D0810C00004 (KU36-96)
EMC 08-426
EMC 08-426 KU36-96
EudraCT number: 2007-000939-26
KU36-96
M07KUC
NCT00516724
NL16955.031.07
TrialTroveID-074804"
74800,"D0810C00003
KU36-73
NCT00516802
TrialTroveID-074800"
71418,"2007-0098
COH-06260
D0810C00009
EudraCT Number: 2006-006459-10
ICEBERG
ICEBERG 2
KU36-58
NCT00494442
TrialTroveID-071418"
71417,"2007-0431
COH-06259
D0810C00008
EudraCT Number: 2006-006458-91
ICEBERG
ICEBERG 1
KU36-44
NCT00494234
TrialTroveID-071417
UPCC 07107"
68588,"CAN-NCIC-IND187
I187
IND 187
IND.187
IND187
KU36-90
NCIC CTG IND.187
NCT00535353
TrialTroveID-068588"
67556,"06-005817
M06-862
NCT00526617
TrialTroveID-067556"
67173,"A4991010
NCT00457470
TrialTroveID-067173"
58028,"060172
06-C-0172
NCI-06-C-0172
NCI-P6890
NCT00347633
NCT00387608
TrialTroveID-058028"
54423,"1-002
20060102
2006-126
MDACC-2008-0194
MSKCC-08-048
NCT00422682
PBIPAR001
TCD11484
TrialTroveID-054423"
51118,TrialTroveID-051118
48012,TrialTroveID-048012
47875,"EudraCT Number: 2005-000464-95
IPC-05-2004
NCT00271167
TrialTroveID-047875"
47552,TrialTroveID-047552
47546,"IPC-15-2003
IRB #: 0120050061
NCT00271765
TIMI 37A
TrialTroveID-047546"
45730,"0C-09-2
1-001
20060101
BSI-201 20060101
HIC 0612002137
MDACC-2006-0095
NCT00298675
TED11483
TrialTroveID-045730
USC 0C-03-6"
38885,"INO4136g
IPC-06-2004
J0716
MDACC 2004-0833
NCT00272415
TrialTroveID-038885"
38049,TrialTroveID-038049
31463,"D0810C00002
KU36-92
N0258161827
NCT00516373
TrialTroveID-031463"
25773,TrialTroveID-025773
25771,"1R43GM070070-01A1
TrialTroveID-025771"
25134,TrialTroveID-025134
14383,TrialTroveID-014383
8640,TrialTroveID-008640
6513,TrialTroveID-006513
